fid;left;top;right;bottom;car_count_average;Area_of_cell;mixed_use_area_per_cell;final_average;;;;;;;;;;;;;;;;
1;448459.27;5558604.107;449450.689;5557612.743;0;1000000;857100;0;0;0;0;0;0;0;0;0;0;0;0;0;0;0;0;0
2;448459.27;5557612.743;449450.689;5556621.379;0;1000000;743700;0;0;0;0;0;0;0;0;0;0;0;0;0;0;0;0;0
3;448459.27;5556621.379;449450.689;5555630.015;0;1000000;802100;0;0;0;0;0;0;0;0;0;0;0;0;0;0;0;0;0
4;448459.27;5555630.015;449450.689;5554638.651;0;1000000;860000;0;0;0;0;0;0;0;0;0;0;0;0;0;0;0;0;0
5;448459.27;5554638.651;449450.689;5553647.287;0;1000000;942500;0;0;0;0;0;0;0;0;0;0;0;0;0;0;0;0;0
6;448459.27;5553647.287;449450.689;5552655.923;0;1000000;865400;0;0;0;0;0;0;0;0;0;0;0;0;0;0;0;0;0
7;448459.27;5552655.923;449450.689;5551664.559;0;1000000;781800;0;0;0;0;0;0;0;0;0;0;0;0;0;0;0;0;0
8;448459.27;5551664.559;449450.689;5550673.195;40650;1000000;847900;40650;13200;68100;0;0;0;0;0;0;0;0;0;0;0;0;0;0
9;448459.27;5550673.195;449450.689;5549681.831;0;1000000;894000;0;0;0;0;0;0;0;0;0;0;0;0;0;0;0;0;0
10;448459.27;5549681.831;449450.689;5548690.467;35250;1000000;910000;35250;5400;65100;0;0;0;0;0;0;0;0;0;0;0;0;0;0
11;448459.27;5548690.467;449450.689;5547699.103;0;1000000;764000;0;0;0;0;0;0;0;0;0;0;0;0;0;0;0;0;0
12;449450.689;5559595.47;450442.107;5558604.107;52750;1000000;966600;52750;30400;75100;0;0;0;0;0;0;0;0;0;0;0;0;0;0
13;449450.689;5558604.107;450442.107;5557612.743;75300;1000000;783400;75300;75300;0;0;0;0;0;0;0;0;0;0;0;0;0;0;0
14;449450.689;5557612.743;450442.107;5556621.379;0;1000000;949900;0;0;0;0;0;0;0;0;0;0;0;0;0;0;0;0;0
15;449450.689;5556621.379;450442.107;5555630.015;0;1000000;865800;0;0;0;0;0;0;0;0;0;0;0;0;0;0;0;0;0
16;449450.689;5555630.015;450442.107;5554638.651;37100;1000000;997200;37100;37100;0;0;0;0;0;0;0;0;0;0;0;0;0;0;0
17;449450.689;5554638.651;450442.107;5553647.287;83000;1000000;892300;83000;121700;44300;0;0;0;0;0;0;0;0;0;0;0;0;0;0
18;449450.689;5553647.287;450442.107;5552655.923;0;1000000;756200;0;0;0;0;0;0;0;0;0;0;0;0;0;0;0;0;0
19;449450.689;5552655.923;450442.107;5551664.559;0;1000000;817300;0;0;0;0;0;0;0;0;0;0;0;0;0;0;0;0;0
20;449450.689;5551664.559;450442.107;5550673.195;0;1000000;700900;0;0;0;0;0;0;0;0;0;0;0;0;0;0;0;0;0
21;449450.689;5550673.195;450442.107;5549681.831;0;1000000;823500;0;0;0;0;0;0;0;0;0;0;0;0;0;0;0;0;0
22;449450.689;5549681.831;450442.107;5548690.467;0;1000000;985500;0;0;0;0;0;0;0;0;0;0;0;0;0;0;0;0;0
23;450442.107;5558604.107;451433.5257;5557612.743;0;1000000;867700;0;0;0;0;0;0;0;0;0;0;0;0;0;0;0;0;0
24;450442.107;5557612.743;451433.5257;5556621.379;11000;1000000;998500;11000;11000;0;0;0;0;0;0;0;0;0;0;0;0;0;0;0
25;450442.107;5556621.379;451433.5257;5555630.015;90300;1000000;787500;90300;90300;0;0;0;0;0;0;0;0;0;0;0;0;0;0;0
26;450442.107;5555630.015;451433.5257;5554638.651;38600;1000000;827000;38600;38600;0;0;0;0;0;0;0;0;0;0;0;0;0;0;0
27;450442.107;5554638.651;451433.5257;5553647.287;25650;1000000;977500;25650;5300;46000;0;0;0;0;0;0;0;0;0;0;0;0;0;0
28;450442.107;5553647.287;451433.5257;5552655.923;0;1000000;871000;0;0;0;0;0;0;0;0;0;0;0;0;0;0;0;0;0
29;450442.107;5552655.923;451433.5257;5551664.559;32550;1000000;764400;32550;38600;26500;0;0;0;0;0;0;0;0;0;0;0;0;0;0
30;450442.107;5551664.559;451433.5257;5550673.195;31800;1000000;761900;31800;31800;0;0;0;0;0;0;0;0;0;0;0;0;0;0;0
31;450442.107;5550673.195;451433.5257;5549681.831;60500;1000000;802900;60500;19000;102000;0;0;0;0;0;0;0;0;0;0;0;0;0;0
32;450442.107;5549681.831;451433.5257;5548690.467;21000;1000000;783300;21000;15700;26300;0;0;0;0;0;0;0;0;0;0;0;0;0;0
33;450442.107;5548690.467;451433.5257;5547699.103;15700;1000000;903600;15700;15700;0;0;0;0;0;0;0;0;0;0;0;0;0;0;0
34;451433.5257;5559595.47;452424.9442;5559595.47;0;1000000;727800;0;0;0;0;0;0;0;0;0;0;0;0;0;0;0;0;0
35;451433.5257;5558604.107;452424.9442;5558604.107;2200;1000000;722900;2200;2200;0;0;0;0;0;0;0;0;0;0;0;0;0;0;0
36;451433.5257;5557612.743;452424.9442;5557612.743;0;1000000;791900;0;0;0;0;0;0;0;0;0;0;0;0;0;0;0;0;0
37;451433.5257;5556621.379;452424.9442;5556621.379;0;1000000;919900;0;0;0;0;0;0;0;0;0;0;0;0;0;0;0;0;0
38;451433.5257;5555630.015;452424.9442;5555630.015;0;1000000;926700;0;0;0;0;0;0;0;0;0;0;0;0;0;0;0;0;0
39;451433.5257;5554638.651;452424.9442;5554638.651;35600;1000000;908300;35600;35600;0;0;0;0;0;0;0;0;0;0;0;0;0;0;0
40;451433.5257;5553647.287;452424.9442;5553647.287;20500;1000000;724100;20500;28100;12900;0;0;0;0;0;0;0;0;0;0;0;0;0;0
41;451433.5257;5552655.923;452424.9442;5552655.923;59900;1000000;920700;59900;59900;0;0;0;0;0;0;0;0;0;0;0;0;0;0;0
42;451433.5257;5551664.559;452424.9442;5551664.559;0;1000000;922900;0;0;0;0;0;0;0;0;0;0;0;0;0;0;0;0;0
43;451433.5257;5550673.195;452424.9442;5550673.195;0;1000000;774500;0;0;0;0;0;0;0;0;0;0;0;0;0;0;0;0;0
44;451433.5257;5549681.831;452424.9442;5549681.831;22950;1000000;746000;22950;22600;23300;0;0;0;0;0;0;0;0;0;0;0;0;0;0
45;451433.5257;5548690.467;452424.9442;5548690.467;0;1000000;832300;0;0;0;0;0;0;0;0;0;0;0;0;0;0;0;0;0
46;451433.5257;5547699.103;452424.9442;5547699.103;0;1000000;744700;0;0;0;0;0;0;0;0;0;0;0;0;0;0;0;0;0
47;451433.5257;5546707.739;452424.9442;5546707.739;0;1000000;879100;0;0;0;0;0;0;0;0;0;0;0;0;0;0;0;0;0
48;451433.5257;5545716.375;452424.9442;5545716.375;0;1000000;744700;0;0;0;0;0;0;0;0;0;0;0;0;0;0;0;0;0
49;451433.5257;5544725.011;452424.9442;5544725.011;0;1000000;711700;0;0;0;0;0;0;0;0;0;0;0;0;0;0;0;0;0
50;452424.9442;5558604.107;453416.3627;5557612.743;0;1000000;751300;0;0;0;0;0;0;0;0;0;0;0;0;0;0;0;0;0
51;452424.9442;5557612.743;453416.3627;5556621.379;0;1000000;916700;0;0;0;0;0;0;0;0;0;0;0;0;0;0;0;0;0
52;452424.9442;5556621.379;453416.3627;5555630.015;30450;1000000;899400;30450;35100;34400;35000;17300;0;0;0;0;0;0;0;0;0;0;0;0
53;452424.9442;5555630.015;453416.3627;5554638.651;0;1000000;838500;0;0;0;0;0;0;0;0;0;0;0;0;0;0;0;0;0
54;452424.9442;5554638.651;453416.3627;5553647.287;60400;1000000;962700;60400;60400;0;0;0;0;0;0;0;0;0;0;0;0;0;0;0
55;452424.9442;5553647.287;453416.3627;5552655.923;39600;1000000;953900;39600;55000;24200;0;0;0;0;0;0;0;0;0;0;0;0;0;0
56;452424.9442;5552655.923;453416.3627;5551664.559;7700;1000000;866000;7700;7700;0;0;0;0;0;0;0;0;0;0;0;0;0;0;0
57;452424.9442;5551664.559;453416.3627;5550673.195;32400;1000000;759000;32400;32400;0;0;0;0;0;0;0;0;0;0;0;0;0;0;0
58;452424.9442;5550673.195;453416.3627;5549681.831;32700;1000000;987400;32700;32700;0;0;0;0;0;0;0;0;0;0;0;0;0;0;0
59;452424.9442;5549681.831;453416.3627;5548690.467;0;1000000;970800;0;0;0;0;0;0;0;0;0;0;0;0;0;0;0;0;0
60;452424.9442;5548690.467;453416.3627;5547699.103;43400;1000000;886000;43400;43400;0;0;0;0;0;0;0;0;0;0;0;0;0;0;0
61;452424.9442;5547699.103;453416.3627;5546707.739;40600;1000000;985300;40600;40600;0;0;0;0;0;0;0;0;0;0;0;0;0;0;0
62;452424.9442;5546707.739;453416.3627;5545716.375;32000;1000000;750600;32000;35300;28700;0;0;0;0;0;0;0;0;0;0;0;0;0;0
63;452424.9442;5545716.375;453416.3627;5544725.011;83000;1000000;823600;83000;83000;0;0;0;0;0;0;0;0;0;0;0;0;0;0;0
64;452424.9442;5544725.011;453416.3627;5543733.647;18000;1000000;887200;18000;18000;0;0;0;0;0;0;0;0;0;0;0;0;0;0;0
65;453416.3627;5558604.107;454407.7812;5557612.743;0;1000000;991100;0;0;0;0;0;0;0;0;0;0;0;0;0;0;0;0;0
66;453416.3627;5557612.743;454407.7812;5556621.379;0;1000000;747900;0;0;0;0;0;0;0;0;0;0;0;0;0;0;0;0;0
67;453416.3627;5556621.379;454407.7812;5555630.015;36300;1000000;823700;36300;36300;0;0;0;0;0;0;0;0;0;0;0;0;0;0;0
68;453416.3627;5555630.015;454407.7812;5554638.651;18100;1000000;711000;18100;12200;27100;15000;0;0;0;0;0;0;0;0;0;0;0;0;0
69;453416.3627;5554638.651;454407.7812;5553647.287;27933,33333;1000000;728800;27933,33333;24400;37700;21700;0;0;0;0;0;0;0;0;0;0;0;0;0
70;453416.3627;5553647.287;454407.7812;5552655.923;26300;1000000;769100;26300;26300;0;0;0;0;0;0;0;0;0;0;0;0;0;0;0
71;453416.3627;5552655.923;454407.7812;5551664.559;0;1000000;953000;0;0;0;0;0;0;0;0;0;0;0;0;0;0;0;0;0
72;453416.3627;5551664.559;454407.7812;5550673.195;10250;1000000;752400;10250;12800;7700;0;0;0;0;0;0;0;0;0;0;0;0;0;0
73;453416.3627;5550673.195;454407.7812;5549681.831;0;1000000;779700;0;0;0;0;0;0;0;0;0;0;0;0;0;0;0;0;0
74;453416.3627;5549681.831;454407.7812;5548690.467;0;1000000;983600;0;0;0;0;0;0;0;0;0;0;0;0;0;0;0;0;0
75;453416.3627;5548690.467;454407.7812;5547699.103;44300;1000000;790700;44300;44300;0;0;0;0;0;0;0;0;0;0;0;0;0;0;0
76;453416.3627;5547699.103;454407.7812;5546707.739;0;1000000;838200;0;0;0;0;0;0;0;0;0;0;0;0;0;0;0;0;0
77;453416.3627;5546707.739;454407.7812;5545716.375;0;1000000;830700;0;0;0;0;0;0;0;0;0;0;0;0;0;0;0;0;0
78;453416.3627;5545716.375;454407.7812;5544725.011;0;1000000;731300;0;0;0;0;0;0;0;0;0;0;0;0;0;0;0;0;0
79;453416.3627;5544725.011;454407.7812;5543733.647;10700;1000000;943900;10700;14400;7000;0;0;0;0;0;0;0;0;0;0;0;0;0;0
80;454407.7812;5558604.107;455399.1997;5557612.743;0;1000000;738400;0;0;0;0;0;0;0;0;0;0;0;0;0;0;0;0;0
81;454407.7812;5557612.743;455399.1997;5556621.379;4500;1000000;927400;4500;4500;0;0;0;0;0;0;0;0;0;0;0;0;0;0;0
82;454407.7812;5556621.379;455399.1997;5555630.015;33600;1000000;800300;33600;40700;31600;31600;30500;0;0;0;0;0;0;0;0;0;0;0;0
83;454407.7812;5555630.015;455399.1997;5554638.651;32500;1000000;708800;32500;27200;37800;0;0;0;0;0;0;0;0;0;0;0;0;0;0
84;454407.7812;5554638.651;455399.1997;5553647.287;30733,33333;1000000;770700;30733,33333;33900;30600;27700;0;0;0;0;0;0;0;0;0;0;0;0;0
85;454407.7812;5553647.287;455399.1997;5552655.923;0;1000000;832100;0;0;0;0;0;0;0;0;0;0;0;0;0;0;0;0;0
86;454407.7812;5552655.923;455399.1997;5551664.559;26800;1000000;807600;26800;21100;32500;0;0;0;0;0;0;0;0;0;0;0;0;0;0
87;454407.7812;5551664.559;455399.1997;5550673.195;0;1000000;855700;0;0;0;0;0;0;0;0;0;0;0;0;0;0;0;0;0
88;454407.7812;5550673.195;455399.1997;5549681.831;0;1000000;996700;0;0;0;0;0;0;0;0;0;0;0;0;0;0;0;0;0
89;454407.7812;5549681.831;455399.1997;5548690.467;45400;1000000;802600;45400;45400;0;0;0;0;0;0;0;0;0;0;0;0;0;0;0
90;454407.7812;5548690.467;455399.1997;5547699.103;0;1000000;941400;0;0;0;0;0;0;0;0;0;0;0;0;0;0;0;0;0
91;454407.7812;5547699.103;455399.1997;5546707.739;0;1000000;709400;0;0;0;0;0;0;0;0;0;0;0;0;0;0;0;0;0
92;454407.7812;5546707.739;455399.1997;5545716.375;0;1000000;936400;0;0;0;0;0;0;0;0;0;0;0;0;0;0;0;0;0
93;454407.7812;5545716.375;455399.1997;5544725.011;0;1000000;958200;0;0;0;0;0;0;0;0;0;0;0;0;0;0;0;0;0
94;454407.7812;5544725.011;455399.1997;5543733.647;0;1000000;793200;0;0;0;0;0;0;0;0;0;0;0;0;0;0;0;0;0
95;456390.6182;5560586.834;457382.0367;5559595.47;15000;1000000;929000;15000;15000;0;0;0;0;0;0;0;0;0;0;0;0;0;0;0
96;456390.6182;5559595.47;457382.0367;5558604.107;0;1000000;997100;0;0;0;0;0;0;0;0;0;0;0;0;0;0;0;0;0
97;456390.6182;5558604.107;457382.0367;5557612.743;0;1000000;827700;0;0;0;0;0;0;0;0;0;0;0;0;0;0;0;0;0
98;456390.6182;5557612.743;457382.0367;5556621.379;0;1000000;855200;0;0;0;0;0;0;0;0;0;0;0;0;0;0;0;0;0
99;456390.6182;5556621.379;457382.0367;5555630.015;0;1000000;897400;0;0;0;0;0;0;0;0;0;0;0;0;0;0;0;0;0
100;456390.6182;5555630.015;457382.0367;5554638.651;32160;1000000;886500;32160;31000;40900;39100;34200;15600;0;0;0;0;0;0;0;0;0;0;0
101;456390.6182;5554638.651;457382.0367;5553647.287;49800;1000000;932300;49800;49800;0;0;0;0;0;0;0;0;0;0;0;0;0;0;0
102;456390.6182;5553647.287;457382.0367;5552655.923;8400;1000000;998900;8400;8400;0;0;0;0;0;0;0;0;0;0;0;0;0;0;0
103;456390.6182;5552655.923;457382.0367;5551664.559;26875;1000000;916800;26875;26800;22700;35900;22100;0;0;0;0;0;0;0;0;0;0;0;0
104;456390.6182;5551664.559;457382.0367;5550673.195;24300;1000000;803800;24300;25800;22800;0;0;0;0;0;0;0;0;0;0;0;0;0;0
105;456390.6182;5550673.195;457382.0367;5549681.831;16050;1000000;898700;16050;26300;5800;0;0;0;0;0;0;0;0;0;0;0;0;0;0
106;456390.6182;5549681.831;457382.0367;5548690.467;0;1000000;867400;0;0;0;0;0;0;0;0;0;0;0;0;0;0;0;0;0
107;456390.6182;5548690.467;457382.0367;5547699.103;50600;1000000;912000;50600;50600;0;0;0;0;0;0;0;0;0;0;0;0;0;0;0
108;456390.6182;5547699.103;457382.0367;5546707.739;47800;1000000;934700;47800;47800;0;0;0;0;0;0;0;0;0;0;0;0;0;0;0
109;456390.6182;5546707.739;457382.0367;5545716.375;0;1000000;759700;0;0;0;0;0;0;0;0;0;0;0;0;0;0;0;0;0
110;456390.6182;5545716.375;457382.0367;5544725.011;0;1000000;735900;0;0;0;0;0;0;0;0;0;0;0;0;0;0;0;0;0
111;456390.6182;5544725.011;457382.0367;5543733.647;0;1000000;916400;0;0;0;0;0;0;0;0;0;0;0;0;0;0;0;0;0
112;456390.6182;5543733.647;457382.0367;5542742.283;0;1000000;965600;0;0;0;0;0;0;0;0;0;0;0;0;0;0;0;0;0
113;456390.6182;5560586.834;457382.0367;5559595.47;0;1000000;812500;0;0;0;0;0;0;0;0;0;0;0;0;0;0;0;0;0
114;456390.6182;5559595.47;457382.0367;5558604.107;14600;1000000;805700;14600;14600;0;0;0;0;0;0;0;0;0;0;0;0;0;0;0
115;456390.6182;5558604.107;457382.0367;5557612.743;0;1000000;780700;0;0;0;0;0;0;0;0;0;0;0;0;0;0;0;0;0
116;456390.6182;5557612.743;457382.0367;5556621.379;0;1000000;755900;0;0;0;0;0;0;0;0;0;0;0;0;0;0;0;0;0
117;456390.6182;5556621.379;457382.0367;5555630.015;0;1000000;857600;0;0;0;0;0;0;0;0;0;0;0;0;0;0;0;0;0
118;456390.6182;5555630.015;457382.0367;5554638.651;55200;1000000;978700;55200;36000;32400;97200;0;0;0;0;0;0;0;0;0;0;0;0;0
119;456390.6182;5554638.651;457382.0367;5553647.287;21642,85714;1000000;831100;21642,85714;31100;26300;35000;5700;16700;17600;19100;0;0;0;0;0;0;0;0;0
120;456390.6182;5553647.287;457382.0367;5552655.923;8750;1000000;892100;8750;10200;7300;0;0;0;0;0;0;0;0;0;0;0;0;0;0
121;456390.6182;5552655.923;457382.0367;5551664.559;18866,66667;1000000;844100;18866,66667;19800;11100;4500;21000;20100;36700;0;0;0;0;0;0;0;0;0;0
122;456390.6182;5551664.559;457382.0367;5550673.195;74650;1000000;757000;74650;103000;46300;0;0;0;0;0;0;0;0;0;0;0;0;0;0
123;456390.6182;5550673.195;457382.0367;5549681.831;0;1000000;906800;0;0;0;0;0;0;0;0;0;0;0;0;0;0;0;0;0
124;456390.6182;5549681.831;457382.0367;5548690.467;0;1000000;752500;0;0;0;0;0;0;0;0;0;0;0;0;0;0;0;0;0
125;456390.6182;5548690.467;457382.0367;5547699.103;37200;1000000;967600;37200;20500;53900;0;0;0;0;0;0;0;0;0;0;0;0;0;0
126;456390.6182;5547699.103;457382.0367;5546707.739;0;1000000;916600;0;0;0;0;0;0;0;0;0;0;0;0;0;0;0;0;0
127;456390.6182;5546707.739;457382.0367;5545716.375;19950;1000000;883700;19950;5700;34200;0;0;0;0;0;0;0;0;0;0;0;0;0;0
128;456390.6182;5545716.375;457382.0367;5544725.011;113000;1000000;901200;113000;194400;31600;0;0;0;0;0;0;0;0;0;0;0;0;0;0
129;456390.6182;5544725.011;457382.0367;5543733.647;37800;1000000;792900;37800;19000;56600;0;0;0;0;0;0;0;0;0;0;0;0;0;0
130;456390.6182;5543733.647;457382.0367;5542742.283;24300;1000000;712300;24300;24300;0;0;0;0;0;0;0;0;0;0;0;0;0;0;0
131;457382.0367;5560586.834;458373.4552;5559595.47;0;1000000;706600;0;0;0;0;0;0;0;0;0;0;0;0;0;0;0;0;0
132;457382.0367;5559595.47;458373.4552;5558604.107;26200;1000000;816600;26200;26200;0;0;0;0;0;0;0;0;0;0;0;0;0;0;0
133;457382.0367;5558604.107;458373.4552;5557612.743;0;1000000;766700;0;0;0;0;0;0;0;0;0;0;0;0;0;0;0;0;0
134;457382.0367;5557612.743;458373.4552;5556621.379;15850;1000000;738600;15850;20700;11000;0;0;0;0;0;0;0;0;0;0;0;0;0;0
135;457382.0367;5556621.379;458373.4552;5555630.015;25333,33333;1000000;858500;25333,33333;18000;15100;42900;0;0;0;0;0;0;0;0;0;0;0;0;0
136;457382.0367;5555630.015;458373.4552;5554638.651;37114,28571;1000000;968000;37114,28571;18600;21600;97200;105100;1500;800;15000;0;0;0;0;0;0;0;0;0
137;457382.0367;5554638.651;458373.4552;5553647.287;16866,66667;1000000;941500;16866,66667;15100;24000;11500;0;0;0;0;0;0;0;0;0;0;0;0;0
138;457382.0367;5553647.287;458373.4552;5552655.923;8866,666667;1000000;726800;8866,666667;11500;10300;4800;0;0;0;0;0;0;0;0;0;0;0;0;0
139;457382.0367;5552655.923;458373.4552;5551664.559;41950;1000000;800500;41950;8200;29800;39300;9700;57300;36100;30700;89200;27000;28500;131600;16000;0;0;0;0
140;457382.0367;5551664.559;458373.4552;5550673.195;62750;1000000;959400;62750;17800;84500;79200;34500;94000;129600;36300;26100;0;0;0;0;0;0;0;0
141;457382.0367;5550673.195;458373.4552;5549681.831;6800;1000000;934400;6800;6800;0;0;0;0;0;0;0;0;0;0;0;0;0;0;0
142;457382.0367;5549681.831;458373.4552;5548690.467;27200;1000000;779000;27200;28000;26400;0;0;0;0;0;0;0;0;0;0;0;0;0;0
143;457382.0367;5548690.467;458373.4552;5547699.103;45083,33333;1000000;927400;45083,33333;35600;142300;10900;38300;30100;13300;0;0;0;0;0;0;0;0;0;0
144;457382.0367;5547699.103;458373.4552;5546707.739;44400;1000000;780700;44400;49200;39600;0;0;0;0;0;0;0;0;0;0;0;0;0;0
145;457382.0367;5546707.739;458373.4552;5545716.375;0;1000000;980300;0;0;0;0;0;0;0;0;0;0;0;0;0;0;0;0;0
146;457382.0367;5545716.375;458373.4552;5544725.011;16400;1000000;855500;16400;16400;0;0;0;0;0;0;0;0;0;0;0;0;0;0;0
147;457382.0367;5544725.011;458373.4552;5543733.647;132450;1000000;919000;132450;111900;153000;0;0;0;0;0;0;0;0;0;0;0;0;0;0
148;457382.0367;5543733.647;458373.4552;5542742.283;0;1000000;921400;0;0;0;0;0;0;0;0;0;0;0;0;0;0;0;0;0
149;458373.4552;5560586.834;459364.8737;5559595.47;6400;1000000;997900;6400;6400;0;0;0;0;0;0;0;0;0;0;0;0;0;0;0
150;458373.4552;5559595.47;459364.8737;5558604.107;0;1000000;855600;0;0;0;0;0;0;0;0;0;0;0;0;0;0;0;0;0
151;458373.4552;5558604.107;459364.8737;5557612.743;26900;1000000;735800;26900;26900;0;0;0;0;0;0;0;0;0;0;0;0;0;0;0
152;458373.4552;5557612.743;459364.8737;5556621.379;17700;1000000;921400;17700;17700;0;0;0;0;0;0;0;0;0;0;0;0;0;0;0
153;458373.4552;5556621.379;459364.8737;5555630.015;30800;1000000;766200;30800;30800;0;0;0;0;0;0;0;0;0;0;0;0;0;0;0
154;458373.4552;5555630.015;459364.8737;5554638.651;17400;1000000;707800;17400;10500;22900;18800;0;0;0;0;0;0;0;0;0;0;0;0;0
155;458373.4552;5554638.651;459364.8737;5553647.287;30460;1000000;910700;30460;19900;18900;75300;24700;13500;0;0;0;0;0;0;0;0;0;0;0
156;458373.4552;5553647.287;459364.8737;5552655.923;22955,55556;1000000;714500;22955,55556;18500;21900;12800;9600;17000;21000;40400;51200;14200;0;0;0;0;0;0;0
157;458373.4552;5552655.923;459364.8737;5551664.559;16140;1000000;912400;16140;14500;10700;20500;19000;16000;0;0;0;0;0;0;0;0;0;0;0
158;458373.4552;5551664.559;459364.8737;5550673.195;25100;1000000;714500;25100;16500;21700;6600;11500;35300;9900;22600;49200;36300;11400;36100;35700;24100;16400;23300;45000
159;458373.4552;5550673.195;459364.8737;5549681.831;24488,88889;1000000;963100;24488,88889;23500;24000;9900;15400;8000;17600;29900;59800;32300;0;0;0;0;0;0;0
160;458373.4552;5549681.831;459364.8737;5548690.467;22000;1000000;896300;22000;22000;0;0;0;0;0;0;0;0;0;0;0;0;0;0;0
161;458373.4552;5548690.467;459364.8737;5547699.103;23000;1000000;727900;23000;23000;0;0;0;0;0;0;0;0;0;0;0;0;0;0;0
162;458373.4552;5547699.103;459364.8737;5546707.739;0;1000000;755900;0;0;0;0;0;0;0;0;0;0;0;0;0;0;0;0;0
163;458373.4552;5546707.739;459364.8737;5545716.375;10400;1000000;797800;10400;10400;0;0;0;0;0;0;0;0;0;0;0;0;0;0;0
164;458373.4552;5545716.375;459364.8737;5544725.011;0;1000000;834200;0;0;0;0;0;0;0;0;0;0;0;0;0;0;0;0;0
165;458373.4552;5544725.011;459364.8737;5543733.647;0;1000000;949500;0;0;0;0;0;0;0;0;0;0;0;0;0;0;0;0;0
166;458373.4552;5543733.647;459364.8737;5542742.283;0;1000000;792700;0;0;0;0;0;0;0;0;0;0;0;0;0;0;0;0;0
167;459364.8737;5560586.834;460356.2922;5559595.47;0;1000000;963700;0;0;0;0;0;0;0;0;0;0;0;0;0;0;0;0;0
168;459364.8737;5559595.47;460356.2922;5558604.107;0;1000000;981000;0;0;0;0;0;0;0;0;0;0;0;0;0;0;0;0;0
169;459364.8737;5558604.107;460356.2922;5557612.743;12900;1000000;850400;12900;12900;0;0;0;0;0;0;0;0;0;0;0;0;0;0;0
170;459364.8737;5557612.743;460356.2922;5556621.379;0;1000000;762400;0;0;0;0;0;0;0;0;0;0;0;0;0;0;0;0;0
171;459364.8737;5556621.379;460356.2922;5555630.015;0;1000000;932800;0;0;0;0;0;0;0;0;0;0;0;0;0;0;0;0;0
172;459364.8737;5555630.015;460356.2922;5554638.651;26916,66667;1000000;837800;26916,66667;23100;22700;46000;23300;22100;24300;0;0;0;0;0;0;0;0;0;0
173;459364.8737;5554638.651;460356.2922;5553647.287;17328,57143;1000000;775300;17328,57143;24600;25500;5600;8000;10000;26400;21200;0;0;0;0;0;0;0;0;0
174;459364.8737;5553647.287;460356.2922;5552655.923;24853,84615;1000000;974900;24853,84615;34200;19900;30300;55900;7900;13700;18500;103800;9200;5400;7500;5100;11700;0;0;0
175;459364.8737;5552655.923;460356.2922;5551664.559;36464,28571;1000000;721000;36464,28571;93700;22900;7600;59700;55900;44700;8100;43100;67600;20900;13900;19100;36300;17000;0;0
176;459364.8737;5551664.559;460356.2922;5550673.195;19250;1000000;733400;19250;43100;14600;13100;6200;0;0;0;0;0;0;0;0;0;0;0;0
177;459364.8737;5550673.195;460356.2922;5549681.831;38562,5;1000000;985400;38562,5;77300;13800;77800;56800;15400;18700;27900;20800;0;0;0;0;0;0;0;0
178;459364.8737;5549681.831;460356.2922;5548690.467;14250;1000000;744700;14250;13300;15200;0;0;0;0;0;0;0;0;0;0;0;0;0;0
179;459364.8737;5548690.467;460356.2922;5547699.103;11500;1000000;735400;11500;19000;4000;0;0;0;0;0;0;0;0;0;0;0;0;0;0
180;459364.8737;5547699.103;460356.2922;5546707.739;0;1000000;899300;0;0;0;0;0;0;0;0;0;0;0;0;0;0;0;0;0
181;459364.8737;5546707.739;460356.2922;5545716.375;37050;1000000;922000;37050;11600;62500;0;0;0;0;0;0;0;0;0;0;0;0;0;0
182;459364.8737;5545716.375;460356.2922;5544725.011;0;1000000;880700;0;0;0;0;0;0;0;0;0;0;0;0;0;0;0;0;0
183;459364.8737;5544725.011;460356.2922;5543733.647;15300;1000000;957300;15300;15300;0;0;0;0;0;0;0;0;0;0;0;0;0;0;0
184;459364.8737;5543733.647;460356.2922;5542742.283;0;1000000;915000;0;0;0;0;0;0;0;0;0;0;0;0;0;0;0;0;0
185;460356.2922;5560586.834;461347.7107;5559595.47;0;1000000;993000;0;0;0;0;0;0;0;0;0;0;0;0;0;0;0;0;0
186;460356.2922;5559595.47;461347.7107;5558604.107;19400;1000000;746300;19400;9700;29100;0;0;0;0;0;0;0;0;0;0;0;0;0;0
187;460356.2922;5558604.107;461347.7107;5557612.743;25266,66667;1000000;827900;25266,66667;19300;9800;46700;0;0;0;0;0;0;0;0;0;0;0;0;0
188;460356.2922;5557612.743;461347.7107;5556621.379;47500;1000000;857400;47500;47500;0;0;0;0;0;0;0;0;0;0;0;0;0;0;0
189;460356.2922;5556621.379;461347.7107;5555630.015;43425;1000000;909800;43425;10600;130000;17200;15900;0;0;0;0;0;0;0;0;0;0;0;0
190;460356.2922;5555630.015;461347.7107;5554638.651;22080;1000000;741000;22080;24100;26600;28100;15000;23400;8100;6800;12200;29400;47100;0;0;0;0;0;0
191;460356.2922;5554638.651;461347.7107;5553647.287;38981,81818;1000000;733100;38981,81818;35500;21400;105900;28300;21300;13100;93500;4600;5100;17700;82400;0;0;0;0;0
192;460356.2922;5553647.287;461347.7107;5552655.923;18277,77778;1000000;860500;18277,77778;13700;45900;12900;18500;5500;10200;13000;15300;29500;0;0;0;0;0;0;0
193;460356.2922;5552655.923;461347.7107;5551664.559;14471,42857;1000000;748300;14471,42857;13900;19100;9500;18800;20300;7400;13700;7100;5000;4100;21700;15600;26700;19700;0;0
194;460356.2922;5551664.559;461347.7107;5550673.195;28075;1000000;723500;28075;11000;29500;55600;16200;0;0;0;0;0;0;0;0;0;0;0;0
195;460356.2922;5550673.195;461347.7107;5549681.831;233,3333333;1000000;722100;233,3333333;300;200;200;0;0;0;0;0;0;0;0;0;0;0;0;0
196;460356.2922;5549681.831;461347.7107;5548690.467;44900;1000000;807000;44900;80400;19200;29100;12700;37600;90400;0;0;0;0;0;0;0;0;0;0
197;460356.2922;5548690.467;461347.7107;5547699.103;26550;1000000;864100;26550;21700;31400;0;0;0;0;0;0;0;0;0;0;0;0;0;0
198;460356.2922;5547699.103;461347.7107;5546707.739;87900;1000000;895400;87900;149100;43700;32100;126700;0;0;0;0;0;0;0;0;0;0;0;0
199;460356.2922;5546707.739;461347.7107;5545716.375;33450;1000000;872400;33450;25900;41000;0;0;0;0;0;0;0;0;0;0;0;0;0;0
200;460356.2922;5545716.375;461347.7107;5544725.011;10500;1000000;950500;10500;10500;0;0;0;0;0;0;0;0;0;0;0;0;0;0;0
201;460356.2922;5544725.011;461347.7107;5543733.647;15100;1000000;950400;15100;15100;0;0;0;0;0;0;0;0;0;0;0;0;0;0;0
202;460356.2922;5543733.647;461347.7107;5542742.283;0;1000000;843600;0;0;0;0;0;0;0;0;0;0;0;0;0;0;0;0;0
203;461347.7107;5560586.834;462339.1292;5559595.47;0;1000000;862400;0;0;0;0;0;0;0;0;0;0;0;0;0;0;0;0;0
204;461347.7107;5559595.47;462339.1292;5558604.107;0;1000000;771300;0;0;0;0;0;0;0;0;0;0;0;0;0;0;0;0;0
205;461347.7107;5558604.107;462339.1292;5557612.743;0;1000000;981200;0;0;0;0;0;0;0;0;0;0;0;0;0;0;0;0;0
206;461347.7107;5557612.743;462339.1292;5556621.379;29100;1000000;961500;29100;29100;0;0;0;0;0;0;0;0;0;0;0;0;0;0;0
207;461347.7107;5556621.379;462339.1292;5555630.015;29833,33333;1000000;726900;29833,33333;56500;19500;13500;0;0;0;0;0;0;0;0;0;0;0;0;0
208;461347.7107;5555630.015;462339.1292;5554638.651;17600;1000000;920900;17600;54600;6500;12100;10700;12900;18300;8100;0;0;0;0;0;0;0;0;0
209;461347.7107;5554638.651;462339.1292;5553647.287;18650;1000000;924600;18650;19800;17500;0;0;0;0;0;0;0;0;0;0;0;0;0;0
210;461347.7107;5553647.287;462339.1292;5552655.923;21060;1000000;921300;21060;13800;13600;33600;25700;18600;0;0;0;0;0;0;0;0;0;0;0
211;461347.7107;5552655.923;462339.1292;5551664.559;18200;1000000;768100;18200;36900;3000;9500;10500;19300;30000;0;0;0;0;0;0;0;0;0;0
212;461347.7107;5551664.559;462339.1292;5550673.195;13250;1000000;817300;13250;6200;11000;12500;16800;16200;16800;0;0;0;0;0;0;0;0;0;0
213;461347.7107;5550673.195;462339.1292;5549681.831;0;1000000;831000;0;0;0;0;0;0;0;0;0;0;0;0;0;0;0;0;0
214;461347.7107;5549681.831;462339.1292;5548690.467;26650;1000000;876700;26650;25200;28100;0;0;0;0;0;0;0;0;0;0;0;0;0;0
215;461347.7107;5548690.467;462339.1292;5547699.103;58050;1000000;851800;58050;19800;96300;0;0;0;0;0;0;0;0;0;0;0;0;0;0
216;461347.7107;5547699.103;462339.1292;5546707.739;0;1000000;849900;0;0;0;0;0;0;0;0;0;0;0;0;0;0;0;0;0
217;461347.7107;5546707.739;462339.1292;5545716.375;45500;1000000;837200;45500;45500;0;0;0;0;0;0;0;0;0;0;0;0;0;0;0
218;461347.7107;5545716.375;462339.1292;5544725.011;20100;1000000;727000;20100;20100;0;0;0;0;0;0;0;0;0;0;0;0;0;0;0
219;461347.7107;5544725.011;462339.1292;5543733.647;0;1000000;946400;0;0;0;0;0;0;0;0;0;0;0;0;0;0;0;0;0
220;461347.7107;5543733.647;462339.1292;5542742.283;27700;1000000;746900;27700;27700;0;0;0;0;0;0;0;0;0;0;0;0;0;0;0
221;462339.1292;5560586.834;463330.5477;5559595.47;29900;1000000;874600;29900;29900;0;0;0;0;0;0;0;0;0;0;0;0;0;0;0
222;462339.1292;5559595.47;463330.5477;5558604.107;0;1000000;815600;0;0;0;0;0;0;0;0;0;0;0;0;0;0;0;0;0
223;462339.1292;5558604.107;463330.5477;5557612.743;31000;1000000;953500;31000;33600;38600;20800;0;0;0;0;0;0;0;0;0;0;0;0;0
224;462339.1292;5557612.743;463330.5477;5556621.379;63150;1000000;720200;63150;116900;9400;0;0;0;0;0;0;0;0;0;0;0;0;0;0
225;462339.1292;5556621.379;463330.5477;5555630.015;26500;1000000;780400;26500;26500;0;0;0;0;0;0;0;0;0;0;0;0;0;0;0
226;462339.1292;5555630.015;463330.5477;5554638.651;14800;1000000;727500;14800;14800;0;0;0;0;0;0;0;0;0;0;0;0;0;0;0
227;462339.1292;5554638.651;463330.5477;5553647.287;22950;1000000;910700;22950;12300;33600;0;0;0;0;0;0;0;0;0;0;0;0;0;0
228;462339.1292;5553647.287;463330.5477;5552655.923;30500;1000000;979700;30500;12200;31000;37700;41100;0;0;0;0;0;0;0;0;0;0;0;0
229;462339.1292;5552655.923;463330.5477;5551664.559;20800;1000000;800700;20800;25700;17100;15600;28200;20000;18200;0;0;0;0;0;0;0;0;0;0
230;462339.1292;5551664.559;463330.5477;5550673.195;26683,33333;1000000;729800;26683,33333;31000;8800;38800;17500;20900;43100;0;0;0;0;0;0;0;0;0;0
231;462339.1292;5550673.195;463330.5477;5549681.831;23350;1000000;920500;23350;24600;22100;0;0;0;0;0;0;0;0;0;0;0;0;0;0
232;462339.1292;5549681.831;463330.5477;5548690.467;36100;1000000;945500;36100;18700;53500;0;0;0;0;0;0;0;0;0;0;0;0;0;0
233;462339.1292;5548690.467;463330.5477;5547699.103;16150;1000000;721200;16150;2900;29400;0;0;0;0;0;0;0;0;0;0;0;0;0;0
234;462339.1292;5547699.103;463330.5477;5546707.739;0;1000000;854200;0;0;0;0;0;0;0;0;0;0;0;0;0;0;0;0;0
235;462339.1292;5546707.739;463330.5477;5545716.375;0;1000000;822000;0;0;0;0;0;0;0;0;0;0;0;0;0;0;0;0;0
236;462339.1292;5545716.375;463330.5477;5544725.011;32900;1000000;713700;32900;32900;0;0;0;0;0;0;0;0;0;0;0;0;0;0;0
237;462339.1292;5544725.011;463330.5477;5543733.647;35400;1000000;846800;35400;30800;40000;0;0;0;0;0;0;0;0;0;0;0;0;0;0
238;462339.1292;5543733.647;463330.5477;5542742.283;0;1000000;812600;0;0;0;0;0;0;0;0;0;0;0;0;0;0;0;0;0
239;463330.5477;5560586.834;464321.9662;5559595.47;0;1000000;788800;0;0;0;0;0;0;0;0;0;0;0;0;0;0;0;0;0
240;463330.5477;5559595.47;464321.9662;5558604.107;0;1000000;870400;0;0;0;0;0;0;0;0;0;0;0;0;0;0;0;0;0
241;463330.5477;5558604.107;464321.9662;5557612.743;36200;1000000;896800;36200;36200;0;0;0;0;0;0;0;0;0;0;0;0;0;0;0
242;463330.5477;5557612.743;464321.9662;5556621.379;14400;1000000;868200;14400;14400;0;0;0;0;0;0;0;0;0;0;0;0;0;0;0
243;463330.5477;5556621.379;464321.9662;5555630.015;36611,11111;1000000;770300;36611,11111;20400;25700;121900;22100;35600;19700;18200;16700;49200;0;0;0;0;0;0;0
244;463330.5477;5555630.015;464321.9662;5554638.651;27400;1000000;938500;27400;29500;31100;21300;27800;21300;31100;10800;35400;38300;0;0;0;0;0;0;0
245;463330.5477;5554638.651;464321.9662;5553647.287;17800;1000000;709500;17800;17800;0;0;0;0;0;0;0;0;0;0;0;0;0;0;0
246;463330.5477;5553647.287;464321.9662;5552655.923;25700;1000000;962300;25700;38900;12500;0;0;0;0;0;0;0;0;0;0;0;0;0;0
247;463330.5477;5552655.923;464321.9662;5551664.559;23233,33333;1000000;998300;23233,33333;33900;23400;12400;0;0;0;0;0;0;0;0;0;0;0;0;0
248;463330.5477;5551664.559;464321.9662;5550673.195;20000;1000000;753700;20000;13900;12800;24600;28700;0;0;0;0;0;0;0;0;0;0;0;0
249;463330.5477;5550673.195;464321.9662;5549681.831;125500;1000000;882100;125500;125500;0;0;0;0;0;0;0;0;0;0;0;0;0;0;0
250;463330.5477;5549681.831;464321.9662;5548690.467;26300;1000000;831100;26300;18500;34100;0;0;0;0;0;0;0;0;0;0;0;0;0;0
251;463330.5477;5548690.467;464321.9662;5547699.103;25575;1000000;775300;25575;7900;1000;34700;58700;0;0;0;0;0;0;0;0;0;0;0;0
252;463330.5477;5547699.103;464321.9662;5546707.739;92600;1000000;858900;92600;190000;124800;20700;34900;0;0;0;0;0;0;0;0;0;0;0;0
253;463330.5477;5546707.739;464321.9662;5545716.375;14700;1000000;968400;14700;14700;0;0;0;0;0;0;0;0;0;0;0;0;0;0;0
254;463330.5477;5545716.375;464321.9662;5544725.011;44700;1000000;951500;44700;44700;0;0;0;0;0;0;0;0;0;0;0;0;0;0;0
255;463330.5477;5544725.011;464321.9662;5543733.647;31500;1000000;878900;31500;31500;0;0;0;0;0;0;0;0;0;0;0;0;0;0;0
256;464321.9662;5560586.834;465313.3847;5559595.47;21700;1000000;967100;21700;21700;0;0;0;0;0;0;0;0;0;0;0;0;0;0;0
257;464321.9662;5559595.47;465313.3847;5558604.107;42900;1000000;872200;42900;42900;0;0;0;0;0;0;0;0;0;0;0;0;0;0;0
258;464321.9662;5558604.107;465313.3847;5557612.743;25600;1000000;756600;25600;25600;0;0;0;0;0;0;0;0;0;0;0;0;0;0;0
259;464321.9662;5557612.743;465313.3847;5556621.379;23233,33333;1000000;874500;23233,33333;23900;8400;37400;0;0;0;0;0;0;0;0;0;0;0;0;0
260;464321.9662;5556621.379;465313.3847;5555630.015;0;1000000;833300;0;0;0;0;0;0;0;0;0;0;0;0;0;0;0;0;0
261;464321.9662;5555630.015;465313.3847;5554638.651;15800;1000000;795500;15800;15500;16100;0;0;0;0;0;0;0;0;0;0;0;0;0;0
262;464321.9662;5554638.651;465313.3847;5553647.287;21333,33333;1000000;942900;21333,33333;7700;40200;16100;0;0;0;0;0;0;0;0;0;0;0;0;0
263;464321.9662;5553647.287;465313.3847;5552655.923;14200;1000000;940400;14200;14200;0;0;0;0;0;0;0;0;0;0;0;0;0;0;0
264;464321.9662;5552655.923;465313.3847;5551664.559;12950;1000000;803300;12950;10500;15400;0;0;0;0;0;0;0;0;0;0;0;0;0;0
265;464321.9662;5551664.559;465313.3847;5550673.195;19950;1000000;831500;19950;27900;12000;0;0;0;0;0;0;0;0;0;0;0;0;0;0
266;464321.9662;5550673.195;465313.3847;5549681.831;66360;1000000;805400;66360;136400;23300;23100;23500;125500;0;0;0;0;0;0;0;0;0;0;0
267;464321.9662;5549681.831;465313.3847;5548690.467;19700;1000000;993000;19700;19700;0;0;0;0;0;0;0;0;0;0;0;0;0;0;0
268;464321.9662;5548690.467;465313.3847;5547699.103;0;1000000;912400;0;0;0;0;0;0;0;0;0;0;0;0;0;0;0;0;0
269;464321.9662;5547699.103;465313.3847;5546707.739;32350;1000000;932900;32350;18100;46600;0;0;0;0;0;0;0;0;0;0;0;0;0;0
270;464321.9662;5546707.739;465313.3847;5545716.375;24750;1000000;828400;24750;34700;14800;0;0;0;0;0;0;0;0;0;0;0;0;0;0
271;464321.9662;5545716.375;465313.3847;5544725.011;82300;1000000;717000;82300;108000;56600;0;0;0;0;0;0;0;0;0;0;0;0;0;0
272;464321.9662;5544725.011;465313.3847;5543733.647;0;1000000;770300;0;0;0;0;0;0;0;0;0;0;0;0;0;0;0;0;0
273;465313.3847;5560586.834;466304.8032;5559595.47;23700;1000000;861800;23700;23700;0;0;0;0;0;0;0;0;0;0;0;0;0;0;0
274;465313.3847;5559595.47;466304.8032;5558604.107;29800;1000000;979700;29800;29800;0;0;0;0;0;0;0;0;0;0;0;0;0;0;0
275;465313.3847;5558604.107;466304.8032;5557612.743;0;1000000;939600;0;0;0;0;0;0;0;0;0;0;0;0;0;0;0;0;0
276;465313.3847;5557612.743;466304.8032;5556621.379;16875;1000000;918300;16875;13400;11600;18000;24500;0;0;0;0;0;0;0;0;0;0;0;0
277;465313.3847;5556621.379;466304.8032;5555630.015;16333,33333;1000000;888500;16333,33333;15100;12700;21200;0;0;0;0;0;0;0;0;0;0;0;0;0
278;465313.3847;5555630.015;466304.8032;5554638.651;27050;1000000;878400;27050;40800;13300;0;0;0;0;0;0;0;0;0;0;0;0;0;0
279;465313.3847;5554638.651;466304.8032;5553647.287;43900;1000000;718000;43900;44000;43800;0;0;0;0;0;0;0;0;0;0;0;0;0;0
280;465313.3847;5553647.287;466304.8032;5552655.923;19700;1000000;877400;19700;19700;0;0;0;0;0;0;0;0;0;0;0;0;0;0;0
281;465313.3847;5552655.923;466304.8032;5551664.559;20266,66667;1000000;738400;20266,66667;11700;11900;23100;15400;31800;27700;0;0;0;0;0;0;0;0;0;0
282;465313.3847;5551664.559;466304.8032;5550673.195;30700;1000000;965000;30700;14000;27900;50200;0;0;0;0;0;0;0;0;0;0;0;0;0
283;465313.3847;5550673.195;466304.8032;5549681.831;0;1000000;780400;0;0;0;0;0;0;0;0;0;0;0;0;0;0;0;0;0
284;465313.3847;5549681.831;466304.8032;5548690.467;23250;1000000;938400;23250;18000;28500;0;0;0;0;0;0;0;0;0;0;0;0;0;0
285;465313.3847;5548690.467;466304.8032;5547699.103;17600;1000000;869200;17600;15100;20100;0;0;0;0;0;0;0;0;0;0;0;0;0;0
286;465313.3847;5547699.103;466304.8032;5546707.739;0;1000000;942500;0;0;0;0;0;0;0;0;0;0;0;0;0;0;0;0;0
287;465313.3847;5546707.739;466304.8032;5545716.375;13050;1000000;889500;13050;12400;13700;0;0;0;0;0;0;0;0;0;0;0;0;0;0
288;465313.3847;5545716.375;466304.8032;5544725.011;121900;1000000;790700;121900;121900;0;0;0;0;0;0;0;0;0;0;0;0;0;0;0
289;465313.3847;5544725.011;466304.8032;5543733.647;0;1000000;801500;0;0;0;0;0;0;0;0;0;0;0;0;0;0;0;0;0
290;466304.8032;5560586.834;467296.2217;5559595.47;16700;1000000;891600;16700;16700;0;0;0;0;0;0;0;0;0;0;0;0;0;0;0
291;466304.8032;5559595.47;467296.2217;5558604.107;0;1000000;709100;0;0;0;0;0;0;0;0;0;0;0;0;0;0;0;0;0
292;466304.8032;5558604.107;467296.2217;5557612.743;83100;1000000;780400;83100;83100;0;0;0;0;0;0;0;0;0;0;0;0;0;0;0
293;466304.8032;5557612.743;467296.2217;5556621.379;35725;1000000;884600;35725;75900;23000;22800;21200;0;0;0;0;0;0;0;0;0;0;0;0
294;466304.8032;5556621.379;467296.2217;5555630.015;56400;1000000;959700;56400;99800;13000;0;0;0;0;0;0;0;0;0;0;0;0;0;0
295;466304.8032;5555630.015;467296.2217;5554638.651;62700;1000000;815000;62700;62700;0;0;0;0;0;0;0;0;0;0;0;0;0;0;0
296;466304.8032;5554638.651;467296.2217;5553647.287;27900;1000000;868800;27900;27900;0;0;0;0;0;0;0;0;0;0;0;0;0;0;0
297;466304.8032;5553647.287;467296.2217;5552655.923;36800;1000000;847900;36800;36800;0;0;0;0;0;0;0;0;0;0;0;0;0;0;0
298;466304.8032;5552655.923;467296.2217;5551664.559;0;1000000;994900;0;0;0;0;0;0;0;0;0;0;0;0;0;0;0;0;0
299;466304.8032;5551664.559;467296.2217;5550673.195;0;1000000;861800;0;0;0;0;0;0;0;0;0;0;0;0;0;0;0;0;0
300;466304.8032;5550673.195;467296.2217;5549681.831;0;1000000;862400;0;0;0;0;0;0;0;0;0;0;0;0;0;0;0;0;0
301;466304.8032;5549681.831;467296.2217;5548690.467;24550;1000000;705000;24550;38000;11100;0;0;0;0;0;0;0;0;0;0;0;0;0;0
302;466304.8032;5548690.467;467296.2217;5547699.103;0;1000000;714800;0;0;0;0;0;0;0;0;0;0;0;0;0;0;0;0;0
303;466304.8032;5547699.103;467296.2217;5546707.739;29000;1000000;994800;29000;29000;0;0;0;0;0;0;0;0;0;0;0;0;0;0;0
304;466304.8032;5546707.739;467296.2217;5545716.375;24600;1000000;999200;24600;24600;0;0;0;0;0;0;0;0;0;0;0;0;0;0;0
305;466304.8032;5545716.375;467296.2217;5544725.011;4400;1000000;916900;4400;4400;0;0;0;0;0;0;0;0;0;0;0;0;0;0;0
306;467296.2217;5560586.834;468287.6402;5559595.47;20300;1000000;900300;20300;20300;0;0;0;0;0;0;0;0;0;0;0;0;0;0;0
307;467296.2217;5559595.47;468287.6402;5558604.107;2600;1000000;939900;2600;2600;0;0;0;0;0;0;0;0;0;0;0;0;0;0;0
308;467296.2217;5558604.107;468287.6402;5557612.743;20300;1000000;980700;20300;20300;0;0;0;0;0;0;0;0;0;0;0;0;0;0;0
309;467296.2217;5557612.743;468287.6402;5556621.379;0;1000000;734400;0;0;0;0;0;0;0;0;0;0;0;0;0;0;0;0;0
310;467296.2217;5556621.379;468287.6402;5555630.015;0;1000000;989200;0;0;0;0;0;0;0;0;0;0;0;0;0;0;0;0;0
311;467296.2217;5555630.015;468287.6402;5554638.651;63600;1000000;720100;63600;62700;94600;33500;0;0;0;0;0;0;0;0;0;0;0;0;0
312;467296.2217;5554638.651;468287.6402;5553647.287;42500;1000000;920900;42500;28200;29300;70000;0;0;0;0;0;0;0;0;0;0;0;0;0
313;467296.2217;5553647.287;468287.6402;5552655.923;43266,66667;1000000;718500;43266,66667;46600;31300;51900;0;0;0;0;0;0;0;0;0;0;0;0;0
314;467296.2217;5552655.923;468287.6402;5551664.559;33550;1000000;944500;33550;50000;17100;0;0;0;0;0;0;0;0;0;0;0;0;0;0
315;467296.2217;5551664.559;468287.6402;5550673.195;23600;1000000;910300;23600;18800;35200;16800;0;0;0;0;0;0;0;0;0;0;0;0;0
316;467296.2217;5550673.195;468287.6402;5549681.831;39400;1000000;849600;39400;66200;12600;0;0;0;0;0;0;0;0;0;0;0;0;0;0
317;467296.2217;5549681.831;468287.6402;5548690.467;0;1000000;862600;0;0;0;0;0;0;0;0;0;0;0;0;0;0;0;0;0
318;467296.2217;5548690.467;468287.6402;5547699.103;36200;1000000;830600;36200;36200;0;0;0;0;0;0;0;0;0;0;0;0;0;0;0
319;467296.2217;5547699.103;468287.6402;5546707.739;0;1000000;994400;0;0;0;0;0;0;0;0;0;0;0;0;0;0;0;0;0
320;467296.2217;5546707.739;468287.6402;5545716.375;18400;1000000;916300;18400;15400;21400;0;0;0;0;0;0;0;0;0;0;0;0;0;0
321;467296.2217;5545716.375;468287.6402;5544725.011;0;1000000;947400;0;0;0;0;0;0;0;0;0;0;0;0;0;0;0;0;0
322;468287.6402;5560586.834;469279.0587;5559595.47;0;1000000;819700;0;0;0;0;0;0;0;0;0;0;0;0;0;0;0;0;0
323;468287.6402;5559595.47;469279.0587;5558604.107;12400;1000000;718200;12400;17900;7900;11400;0;0;0;0;0;0;0;0;0;0;0;0;0
324;468287.6402;5558604.107;469279.0587;5557612.743;117600;1000000;878800;117600;117600;0;0;0;0;0;0;0;0;0;0;0;0;0;0;0
325;468287.6402;5557612.743;469279.0587;5556621.379;63250;1000000;745600;63250;104400;22100;0;0;0;0;0;0;0;0;0;0;0;0;0;0
326;468287.6402;5556621.379;469279.0587;5555630.015;0;1000000;880700;0;0;0;0;0;0;0;0;0;0;0;0;0;0;0;0;0
327;468287.6402;5555630.015;469279.0587;5554638.651;0;1000000;892600;0;0;0;0;0;0;0;0;0;0;0;0;0;0;0;0;0
328;468287.6402;5554638.651;469279.0587;5553647.287;22950;1000000;786900;22950;23300;22600;0;0;0;0;0;0;0;0;0;0;0;0;0;0
329;468287.6402;5553647.287;469279.0587;5552655.923;10900;1000000;715200;10900;10900;0;0;0;0;0;0;0;0;0;0;0;0;0;0;0
330;468287.6402;5552655.923;469279.0587;5551664.559;22500;1000000;867800;22500;22500;0;0;0;0;0;0;0;0;0;0;0;0;0;0;0
331;468287.6402;5551664.559;469279.0587;5550673.195;12000;1000000;893700;12000;12000;0;0;0;0;0;0;0;0;0;0;0;0;0;0;0
332;468287.6402;5550673.195;469279.0587;5549681.831;0;1000000;815900;0;0;0;0;0;0;0;0;0;0;0;0;0;0;0;0;0
333;468287.6402;5549681.831;469279.0587;5548690.467;17750;1000000;996300;17750;28300;7200;0;0;0;0;0;0;0;0;0;0;0;0;0;0
334;468287.6402;5548690.467;469279.0587;5547699.103;20700;1000000;846000;20700;13200;19400;29500;0;0;0;0;0;0;0;0;0;0;0;0;0
335;468287.6402;5547699.103;469279.0587;5546707.739;0;1000000;711100;0;0;0;0;0;0;0;0;0;0;0;0;0;0;0;0;0
336;468287.6402;5546707.739;469279.0587;5545716.375;18200;1000000;931300;18200;18200;0;0;0;0;0;0;0;0;0;0;0;0;0;0;0
337;468287.6402;5545716.375;469279.0587;5544725.011;26100;1000000;826900;26100;26100;0;0;0;0;0;0;0;0;0;0;0;0;0;0;0
338;469279.0587;5560586.834;470270.4772;5559595.47;0;1000000;720900;0;0;0;0;0;0;0;0;0;0;0;0;0;0;0;0;0
339;469279.0587;5559595.47;470270.4772;5558604.107;0;1000000;789700;0;0;0;0;0;0;0;0;0;0;0;0;0;0;0;0;0
340;469279.0587;5558604.107;470270.4772;5557612.743;0;1000000;925800;0;0;0;0;0;0;0;0;0;0;0;0;0;0;0;0;0
341;469279.0587;5557612.743;470270.4772;5556621.379;21600;1000000;990100;21600;21600;0;0;0;0;0;0;0;0;0;0;0;0;0;0;0
342;469279.0587;5556621.379;470270.4772;5555630.015;25600;1000000;701600;25600;25600;0;0;0;0;0;0;0;0;0;0;0;0;0;0;0
343;469279.0587;5555630.015;470270.4772;5554638.651;0;1000000;767300;0;0;0;0;0;0;0;0;0;0;0;0;0;0;0;0;0
344;469279.0587;5554638.651;470270.4772;5553647.287;37333,33333;1000000;882400;37333,33333;50200;47200;14600;0;0;0;0;0;0;0;0;0;0;0;0;0
345;469279.0587;5553647.287;470270.4772;5552655.923;0;1000000;930200;0;0;0;0;0;0;0;0;0;0;0;0;0;0;0;0;0
346;469279.0587;5552655.923;470270.4772;5551664.559;26600;1000000;846700;26600;26600;0;0;0;0;0;0;0;0;0;0;0;0;0;0;0
347;469279.0587;5551664.559;470270.4772;5550673.195;800;1000000;750800;800;800;0;0;0;0;0;0;0;0;0;0;0;0;0;0;0
348;469279.0587;5550673.195;470270.4772;5549681.831;0;1000000;953100;0;0;0;0;0;0;0;0;0;0;0;0;0;0;0;0;0
349;469279.0587;5549681.831;470270.4772;5548690.467;0;1000000;730700;0;0;0;0;0;0;0;0;0;0;0;0;0;0;0;0;0
350;469279.0587;5548690.467;470270.4772;5547699.103;0;1000000;748600;0;0;0;0;0;0;0;0;0;0;0;0;0;0;0;0;0
351;469279.0587;5547699.103;470270.4772;5546707.739;0;1000000;996700;0;0;0;0;0;0;0;0;0;0;0;0;0;0;0;0;0
352;469279.0587;5546707.739;470270.4772;5545716.375;0;1000000;745600;0;0;0;0;0;0;0;0;0;0;0;0;0;0;0;0;0
353;469279.0587;5545716.375;470270.4772;5544725.011;27500;1000000;850500;27500;27500;0;0;0;0;0;0;0;0;0;0;0;0;0;0;0
354;470270.4772;5560586.834;471261.8957;5559595.47;0;1000000;790500;0;0;0;0;0;0;0;0;0;0;0;0;0;0;0;0;0
355;470270.4772;5559595.47;471261.8957;5558604.107;0;1000000;729800;0;0;0;0;0;0;0;0;0;0;0;0;0;0;0;0;0
356;470270.4772;5558604.107;471261.8957;5557612.743;0;1000000;786100;0;0;0;0;0;0;0;0;0;0;0;0;0;0;0;0;0
357;470270.4772;5557612.743;471261.8957;5556621.379;0;1000000;807400;0;0;0;0;0;0;0;0;0;0;0;0;0;0;0;0;0
358;470270.4772;5556621.379;471261.8957;5555630.015;3100;1000000;724600;3100;3100;0;0;0;0;0;0;0;0;0;0;0;0;0;0;0
359;470270.4772;5555630.015;471261.8957;5554638.651;0;1000000;708700;0;0;0;0;0;0;0;0;0;0;0;0;0;0;0;0;0
360;470270.4772;5554638.651;471261.8957;5553647.287;15700;1000000;870500;15700;15700;0;0;0;0;0;0;0;0;0;0;0;0;0;0;0
361;470270.4772;5553647.287;471261.8957;5552655.923;0;1000000;732300;0;0;0;0;0;0;0;0;0;0;0;0;0;0;0;0;0
362;470270.4772;5552655.923;471261.8957;5551664.559;0;1000000;780000;0;0;0;0;0;0;0;0;0;0;0;0;0;0;0;0;0
363;470270.4772;5551664.559;471261.8957;5550673.195;25700;1000000;944100;25700;25700;0;0;0;0;0;0;0;0;0;0;0;0;0;0;0
364;470270.4772;5550673.195;471261.8957;5549681.831;0;1000000;782900;0;0;0;0;0;0;0;0;0;0;0;0;0;0;0;0;0
365;470270.4772;5549681.831;471261.8957;5548690.467;0;1000000;740900;0;0;0;0;0;0;0;0;0;0;0;0;0;0;0;0;0
366;470270.4772;5548690.467;471261.8957;5547699.103;24166,66667;1000000;847000;24166,66667;18700;9100;44700;0;0;0;0;0;0;0;0;0;0;0;0;0
367;470270.4772;5547699.103;471261.8957;5546707.739;0;1000000;922900;0;0;0;0;0;0;0;0;0;0;0;0;0;0;0;0;0
368;471261.8957;5559595.47;472253.3142;5558604.107;12700;1000000;937400;12700;12700;0;0;0;0;0;0;0;0;0;0;0;0;0;0;0
369;471261.8957;5558604.107;472253.3142;5557612.743;0;1000000;791300;0;0;0;0;0;0;0;0;0;0;0;0;0;0;0;0;0
370;471261.8957;5557612.743;472253.3142;5556621.379;0;1000000;747000;0;0;0;0;0;0;0;0;0;0;0;0;0;0;0;0;0
371;471261.8957;5556621.379;472253.3142;5555630.015;85400;1000000;771000;85400;59600;111200;0;0;0;0;0;0;0;0;0;0;0;0;0;0
372;471261.8957;5555630.015;472253.3142;5554638.651;41300;1000000;955200;41300;44100;18200;61600;0;0;0;0;0;0;0;0;0;0;0;0;0
373;471261.8957;5554638.651;472253.3142;5553647.287;4900;1000000;706600;4900;4900;0;0;0;0;0;0;0;0;0;0;0;0;0;0;0
374;471261.8957;5553647.287;472253.3142;5552655.923;0;1000000;901100;0;0;0;0;0;0;0;0;0;0;0;0;0;0;0;0;0
375;471261.8957;5552655.923;472253.3142;5551664.559;49500;1000000;907400;49500;49500;0;0;0;0;0;0;0;0;0;0;0;0;0;0;0
376;471261.8957;5551664.559;472253.3142;5550673.195;0;1000000;997600;0;0;0;0;0;0;0;0;0;0;0;0;0;0;0;0;0
377;471261.8957;5550673.195;472253.3142;5549681.831;15700;1000000;852200;15700;15700;0;0;0;0;0;0;0;0;0;0;0;0;0;0;0
378;471261.8957;5549681.831;472253.3142;5548690.467;0;1000000;712200;0;0;0;0;0;0;0;0;0;0;0;0;0;0;0;0;0
379;471261.8957;5548690.467;472253.3142;5547699.103;0;1000000;795900;0;0;0;0;0;0;0;0;0;0;0;0;0;0;0;0;0
380;471261.8957;5548690.467;472253.3142;5547699.103;0;1000000;915200;0;0;0;0;0;0;0;0;0;0;0;0;0;0;0;0;0
381;471261.8957;5547699.103;472253.3142;5546707.739;21800;1000000;958900;21800;21800;0;0;0;0;0;0;0;0;0;0;0;0;0;0;0
382;471261.8957;5546707.739;472253.3142;5545716.375;22250;1000000;765000;22250;24700;19800;0;0;0;0;0;0;0;0;0;0;0;0;0;0
;;;;;;;;;;;;;;;;;;;;;;;;
;;;;;;;;;;;;;;;;;;;;;;;;
;;;;;;;;;;;;;;;;;;;;;;;;
;;;;;;;;;;;;;;;;;;;;;;;;
;;;;;;;;;;;;;;;;;;;;;;;;
;;;;;;;;;;;;;;;;;;;;;;;;
;;;;;;;;;;;;;;;;;;;;;;;;
;;;;;;;;;;;;;;;;;;;;;;;;
;;;;;;;;;;;;;;;;;;;;;;;;
;;;;;;;;;;;;;;;;;;;;;;;;
;;;;;;;;;;;;;;;;;;;;;;;;
;;;;;;;;;;;;;;;;;;;;;;;;
;;;;;;;;;;;;;;;;;;;;;;;;
;;;;;;;;;;;;;;;;;;;;;;;;
;;;;;;;;;;;;;;;;;;;;;;;;
;;;;;;;;;;;;;;;;;;;;;;;;
;;;;;;;;;;;;;;;;;;;;;;;;
;;;;;;;;;;;;;;;;;;;;;;;;
;;;;;;;;;;;;;;;;;;;;;;;;
;;;;;;;;;;;;;;;;;;;;;;;;
;;;;;;;;;;;;;;;;;;;;;;;;
;;;;;;;;;;;;;;;;;;;;;;;;
;;;;;;;;;;;;;;;;;;;;;;;;
;;;;;;;;;;;;;;;;;;;;;;;;
;;;;;;;;;;;;;;;;;;;;;;;;
;;;;;;;;;;;;;;;;;;;;;;;;
;;;;;;;;;;;;;;;;;;;;;;;;
;;;;;;;;;;;;;;;;;;;;;;;;
;;;;;;;;;;;;;;;;;;;;;;;;
;;;;;;;;;;;;;;;;;;;;;;;;
;;;;;;;;;;;;;;;;;;;;;;;;
;;;;;;;;;;;;;;;;;;;;;;;;
;;;;;;;;;;;;;;;;;;;;;;;;
;;;;;;;;;;;;;;;;;;;;;;;;
;;;;;;;;;;;;;;;;;;;;;;;;
;;;;;;;;;;;;;;;;;;;;;;;;
;;;;;;;;;;;;;;;;;;;;;;;;
;;;;;;;;;;;;;;;;;;;;;;;;
;;;;;;;;;;;;;;;;;;;;;;;;
;;;;;;;;;;;;;;;;;;;;;;;;
;;;;;;;;;;;;;;;;;;;;;;;;
;;;;;;;;;;;;;;;;;;;;;;;;
;;;;;;;;;;;;;;;;;;;;;;;;
;;;;;;;;;;;;;;;;;;;;;;;;
;;;;;;;;;;;;;;;;;;;;;;;;
;;;;;;;;;;;;;;;;;;;;;;;;
;;;;;;;;;;;;;;;;;;;;;;;;
;;;;;;;;;;;;;;;;;;;;;;;;
;;;;;;;;;;;;;;;;;;;;;;;;
;;;;;;;;;;;;;;;;;;;;;;;;
;;;;;;;;;;;;;;;;;;;;;;;;
;;;;;;;;;;;;;;;;;;;;;;;;
;;;;;;;;;;;;;;;;;;;;;;;;
;;;;;;;;;;;;;;;;;;;;;;;;
;;;;;;;;;;;;;;;;;;;;;;;;
;;;;;;;;;;;;;;;;;;;;;;;;
;;;;;;;;;;;;;;;;;;;;;;;;
;;;;;;;;;;;;;;;;;;;;;;;;
;;;;;;;;;;;;;;;;;;;;;;;;
;;;;;;;;;;;;;;;;;;;;;;;;
;;;;;;;;;;;;;;;;;;;;;;;;
;;;;;;;;;;;;;;;;;;;;;;;;
;;;;;;;;;;;;;;;;;;;;;;;;
;;;;;;;;;;;;;;;;;;;;;;;;
;;;;;;;;;;;;;;;;;;;;;;;;
;;;;;;;;;;;;;;;;;;;;;;;;
;;;;;;;;;;;;;;;;;;;;;;;;
;;;;;;;;;;;;;;;;;;;;;;;;
;;;;;;;;;;;;;;;;;;;;;;;;
;;;;;;;;;;;;;;;;;;;;;;;;
;;;;;;;;;;;;;;;;;;;;;;;;
;;;;;;;;;;;;;;;;;;;;;;;;
;;;;;;;;;;;;;;;;;;;;;;;;
;;;;;;;;;;;;;;;;;;;;;;;;
;;;;;;;;;;;;;;;;;;;;;;;;
;;;;;;;;;;;;;;;;;;;;;;;;
;;;;;;;;;;;;;;;;;;;;;;;;
;;;;;;;;;;;;;;;;;;;;;;;;
;;;;;;;;;;;;;;;;;;;;;;;;
;;;;;;;;;;;;;;;;;;;;;;;;
;;;;;;;;;;;;;;;;;;;;;;;;
;;;;;;;;;;;;;;;;;;;;;;;;
;;;;;;;;;;;;;;;;;;;;;;;;
;;;;;;;;;;;;;;;;;;;;;;;;
;;;;;;;;;;;;;;;;;;;;;;;;
;;;;;;;;;;;;;;;;;;;;;;;;
;;;;;;;;;;;;;;;;;;;;;;;;
;;;;;;;;;;;;;;;;;;;;;;;;
;;;;;;;;;;;;;;;;;;;;;;;;
;;;;;;;;;;;;;;;;;;;;;;;;
;;;;;;;;;;;;;;;;;;;;;;;;
;;;;;;;;;;;;;;;;;;;;;;;;
;;;;;;;;;;;;;;;;;;;;;;;;
;;;;;;;;;;;;;;;;;;;;;;;;
;;;;;;;;;;;;;;;;;;;;;;;;
;;;;;;;;;;;;;;;;;;;;;;;;
;;;;;;;;;;;;;;;;;;;;;;;;
;;;;;;;;;;;;;;;;;;;;;;;;
;;;;;;;;;;;;;;;;;;;;;;;;
;;;;;;;;;;;;;;;;;;;;;;;;
;;;;;;;;;;;;;;;;;;;;;;;;
;;;;;;;;;;;;;;;;;;;;;;;;
;;;;;;;;;;;;;;;;;;;;;;;;
;;;;;;;;;;;;;;;;;;;;;;;;
;;;;;;;;;;;;;;;;;;;;;;;;
;;;;;;;;;;;;;;;;;;;;;;;;
;;;;;;;;;;;;;;;;;;;;;;;;
;;;;;;;;;;;;;;;;;;;;;;;;
;;;;;;;;;;;;;;;;;;;;;;;;
;;;;;;;;;;;;;;;;;;;;;;;;
;;;;;;;;;;;;;;;;;;;;;;;;
;;;;;;;;;;;;;;;;;;;;;;;;
;;;;;;;;;;;;;;;;;;;;;;;;
;;;;;;;;;;;;;;;;;;;;;;;;
;;;;;;;;;;;;;;;;;;;;;;;;
;;;;;;;;;;;;;;;;;;;;;;;;
;;;;;;;;;;;;;;;;;;;;;;;;
;;;;;;;;;;;;;;;;;;;;;;;;
;;;;;;;;;;;;;;;;;;;;;;;;
;;;;;;;;;;;;;;;;;;;;;;;;
;;;;;;;;;;;;;;;;;;;;;;;;
;;;;;;;;;;;;;;;;;;;;;;;;
;;;;;;;;;;;;;;;;;;;;;;;;
;;;;;;;;;;;;;;;;;;;;;;;;
;;;;;;;;;;;;;;;;;;;;;;;;
;;;;;;;;;;;;;;;;;;;;;;;;
;;;;;;;;;;;;;;;;;;;;;;;;
;;;;;;;;;;;;;;;;;;;;;;;;
;;;;;;;;;;;;;;;;;;;;;;;;
;;;;;;;;;;;;;;;;;;;;;;;;
;;;;;;;;;;;;;;;;;;;;;;;;
;;;;;;;;;;;;;;;;;;;;;;;;
;;;;;;;;;;;;;;;;;;;;;;;;
;;;;;;;;;;;;;;;;;;;;;;;;
;;;;;;;;;;;;;;;;;;;;;;;;
;;;;;;;;;;;;;;;;;;;;;;;;
;;;;;;;;;;;;;;;;;;;;;;;;
;;;;;;;;;;;;;;;;;;;;;;;;
;;;;;;;;;;;;;;;;;;;;;;;;
;;;;;;;;;;;;;;;;;;;;;;;;
;;;;;;;;;;;;;;;;;;;;;;;;
;;;;;;;;;;;;;;;;;;;;;;;;
;;;;;;;;;;;;;;;;;;;;;;;;
;;;;;;;;;;;;;;;;;;;;;;;;
;;;;;;;;;;;;;;;;;;;;;;;;
;;;;;;;;;;;;;;;;;;;;;;;;
;;;;;;;;0;0;0;;;;;;;;;;;;;;
;;;;;;;;0;0;0;;;;;;;;;;;;;;
;;;;;;;;0;0;0;;;;;;;;;;;;;;
;;;;;;;;0;0;0;;;;;;;;;;;;;;
;;;;;;;;0;0;0;;;;;;;;;;;;;;
;;;;;;;;0;0;0;;;;;;;;;;;;;;
;;;;;;;;0;0;0;;;;;;;;;;;;;;
;;;;;;;;0;0;0;;;;;;;;;;;;;;
;;;;;;;;0;0;0;;;;;;;;;;;;;;
;;;;;;;;0;0;0;;;;;;;;;;;;;;
;;;;;;;;0;0;0;;;;;;;;;;;;;;
;;;;;;;;0;0;0;;;;;;;;;;;;;;
;;;;;;;;0;0;0;;;;;;;;;;;;;;
;;;;;;;;0;0;0;;;;;;;;;;;;;;
;;;;;;;;0;0;0;;;;;;;;;;;;;;
;;;;;;;;0;0;0;;;;;;;;;;;;;;
;;;;;;;;0;0;0;;;;;;;;;;;;;;
;;;;;;;;0;0;0;;;;;;;;;;;;;;
;;;;;;;;0;0;0;;;;;;;;;;;;;;
;;;;;;;;0;0;0;;;;;;;;;;;;;;
;;;;;;;;0;0;0;;;;;;;;;;;;;;
;;;;;;;;0;0;0;;;;;;;;;;;;;;
;;;;;;;;0;0;0;;;;;;;;;;;;;;
;;;;;;;;0;0;0;;;;;;;;;;;;;;
;;;;;;;;0;0;0;;;;;;;;;;;;;;
;;;;;;;;0;0;0;;;;;;;;;;;;;;
;;;;;;;;0;0;0;;;;;;;;;;;;;;
;;;;;;;;0;0;0;;;;;;;;;;;;;;
;;;;;;;;0;0;0;;;;;;;;;;;;;;
;;;;;;;;0;0;0;;;;;;;;;;;;;;
;;;;;;;;0;0;0;;;;;;;;;;;;;;
;;;;;;;;0;0;0;;;;;;;;;;;;;;
;;;;;;;;0;0;0;;;;;;;;;;;;;;
;;;;;;;;0;0;0;;;;;;;;;;;;;;
;;;;;;;;0;0;0;;;;;;;;;;;;;;
;;;;;;;;0;0;0;;;;;;;;;;;;;;
;;;;;;;;0;0;0;;;;;;;;;;;;;;
;;;;;;;;0;0;0;;;;;;;;;;;;;;
;;;;;;;;;0;0;;;;;;;;;;;;;;
;;;;;;;;;0;0;;;;;;;;;;;;;;
;;;;;;;;;0;0;;;;;;;;;;;;;;
;;;;;;;;;0;0;;;;;;;;;;;;;;
;;;;;;;;;0;0;;;;;;;;;;;;;;
;;;;;;;;;0;0;;;;;;;;;;;;;;
;;;;;;;;;0;0;;;;;;;;;;;;;;
;;;;;;;;;0;0;;;;;;;;;;;;;;
;;;;;;;;;0;0;;;;;;;;;;;;;;
;;;;;;;;;0;0;;;;;;;;;;;;;;
;;;;;;;;;0;0;;;;;;;;;;;;;;
;;;;;;;;;0;0;;;;;;;;;;;;;;
;;;;;;;;;0;0;;;;;;;;;;;;;;
;;;;;;;;;0;0;;;;;;;;;;;;;;
;;;;;;;;;0;0;;;;;;;;;;;;;;
;;;;;;;;;0;0;;;;;;;;;;;;;;
;;;;;;;;;0;0;;;;;;;;;;;;;;
;;;;;;;;;0;0;;;;;;;;;;;;;;
;;;;;;;;;0;0;;;;;;;;;;;;;;
;;;;;;;;;0;0;;;;;;;;;;;;;;
;;;;;;;;;0;0;;;;;;;;;;;;;;
;;;;;;;;;0;0;;;;;;;;;;;;;;
;;;;;;;;;0;0;;;;;;;;;;;;;;
;;;;;;;;;0;0;;;;;;;;;;;;;;
;;;;;;;;;0;0;;;;;;;;;;;;;;
;;;;;;;;;0;0;;;;;;;;;;;;;;
;;;;;;;;;0;0;;;;;;;;;;;;;;
;;;;;;;;;0;0;;;;;;;;;;;;;;
;;;;;;;;;0;0;;;;;;;;;;;;;;
;;;;;;;;;0;0;;;;;;;;;;;;;;
;;;;;;;;;0;0;;;;;;;;;;;;;;
;;;;;;;;;0;0;;;;;;;;;;;;;;
;;;;;;;;;0;0;;;;;;;;;;;;;;
;;;;;;;;;0;0;;;;;;;;;;;;;;
;;;;;;;;;0;0;;;;;;;;;;;;;;
;;;;;;;;;0;0;;;;;;;;;;;;;;
;;;;;;;;;0;0;;;;;;;;;;;;;;
;;;;;;;;;0;0;;;;;;;;;;;;;;
;;;;;;;;;0;0;;;;;;;;;;;;;;
;;;;;;;;;0;0;;;;;;;;;;;;;;
;;;;;;;;;0;0;;;;;;;;;;;;;;
;;;;;;;;;0;0;;;;;;;;;;;;;;
;;;;;;;;;0;0;;;;;;;;;;;;;;
;;;;;;;;;0;0;;;;;;;;;;;;;;
;;;;;;;;;0;0;;;;;;;;;;;;;;
;;;;;;;;;0;0;;;;;;;;;;;;;;
;;;;;;;;;0;0;;;;;;;;;;;;;;
;;;;;;;;;0;0;;;;;;;;;;;;;;
;;;;;;;;;0;0;;;;;;;;;;;;;;
;;;;;;;;;0;0;;;;;;;;;;;;;;
;;;;;;;;;0;0;;;;;;;;;;;;;;
;;;;;;;;;0;0;;;;;;;;;;;;;;
;;;;;;;;;0;0;;;;;;;;;;;;;;
;;;;;;;;;0;0;;;;;;;;;;;;;;
;;;;;;;;;0;0;;;;;;;;;;;;;;
;;;;;;;;;0;0;;;;;;;;;;;;;;
;;;;;;;;;0;0;;;;;;;;;;;;;;
;;;;;;;;;0;0;;;;;;;;;;;;;;
;;;;;;;;;0;0;;;;;;;;;;;;;;
;;;;;;;;;0;0;;;;;;;;;;;;;;
;;;;;;;;;0;0;;;;;;;;;;;;;;
;;;;;;;;;0;0;;;;;;;;;;;;;;
;;;;;;;;;0;0;;;;;;;;;;;;;;
;;;;;;;;;0;0;;;;;;;;;;;;;;
;;;;;;;;;0;0;;;;;;;;;;;;;;
;;;;;;;;;0;0;;;;;;;;;;;;;;
;;;;;;;;;0;0;;;;;;;;;;;;;;
;;;;;;;;;0;0;;;;;;;;;;;;;;
;;;;;;;;;0;0;;;;;;;;;;;;;;
;;;;;;;;;0;0;;;;;;;;;;;;;;
;;;;;;;;;0;0;;;;;;;;;;;;;;
;;;;;;;;;0;0;;;;;;;;;;;;;;
;;;;;;;;;0;0;;;;;;;;;;;;;;
;;;;;;;;;0;0;;;;;;;;;;;;;;
;;;;;;;;;0;0;;;;;;;;;;;;;;
;;;;;;;;;0;0;;;;;;;;;;;;;;
;;;;;;;;;0;0;;;;;;;;;;;;;;
;;;;;;;;;0;0;;;;;;;;;;;;;;
;;;;;;;;;0;0;;;;;;;;;;;;;;
;;;;;;;;;0;0;;;;;;;;;;;;;;
;;;;;;;;;0;0;;;;;;;;;;;;;;
;;;;;;;;;0;0;;;;;;;;;;;;;;
;;;;;;;;;0;0;;;;;;;;;;;;;;
;;;;;;;;;0;0;;;;;;;;;;;;;;
;;;;;;;;;0;0;;;;;;;;;;;;;;
;;;;;;;;;0;0;;;;;;;;;;;;;;
;;;;;;;;;0;0;;;;;;;;;;;;;;
;;;;;;;;;0;0;;;;;;;;;;;;;;
;;;;;;;;;0;0;;;;;;;;;;;;;;
;;;;;;;;;0;0;;;;;;;;;;;;;;
;;;;;;;;;0;0;;;;;;;;;;;;;;
;;;;;;;;;0;0;;;;;;;;;;;;;;
;;;;;;;;;0;0;;;;;;;;;;;;;;
;;;;;;;;;0;0;;;;;;;;;;;;;;
;;;;;;;;;0;0;;;;;;;;;;;;;;
;;;;;;;;;0;0;;;;;;;;;;;;;;
;;;;;;;;;0;0;;;;;;;;;;;;;;
;;;;;;;;;0;0;;;;;;;;;;;;;;
;;;;;;;;;0;0;;;;;;;;;;;;;;
;;;;;;;;;0;0;;;;;;;;;;;;;;
;;;;;;;;;0;0;;;;;;;;;;;;;;
;;;;;;;;;0;0;;;;;;;;;;;;;;
;;;;;;;;;0;0;;;;;;;;;;;;;;
;;;;;;;;;0;0;;;;;;;;;;;;;;
;;;;;;;;;0;0;;;;;;;;;;;;;;
;;;;;;;;;0;0;;;;;;;;;;;;;;
;;;;;;;;;0;0;;;;;;;;;;;;;;
;;;;;;;;;0;0;;;;;;;;;;;;;;
;;;;;;;;;0;0;;;;;;;;;;;;;;
;;;;;;;;;0;0;;;;;;;;;;;;;;
;;;;;;;;;0;0;;;;;;;;;;;;;;
;;;;;;;;;0;0;;;;;;;;;;;;;;
;;;;;;;;;0;0;;;;;;;;;;;;;;
;;;;;;;;;0;0;;;;;;;;;;;;;;
;;;;;;;;;0;0;;;;;;;;;;;;;;
;;;;;;;;;0;0;;;;;;;;;;;;;;
;;;;;;;;;0;0;;;;;;;;;;;;;;
;;;;;;;;;0;0;;;;;;;;;;;;;;
;;;;;;;;;0;0;;;;;;;;;;;;;;
;;;;;;;;;0;0;;;;;;;;;;;;;;
;;;;;;;;;0;0;;;;;;;;;;;;;;
;;;;;;;;;0;0;;;;;;;;;;;;;;
;;;;;;;;;0;0;;;;;;;;;;;;;;
;;;;;;;;;0;0;;;;;;;;;;;;;;
;;;;;;;;;0;0;;;;;;;;;;;;;;
;;;;;;;;;0;0;;;;;;;;;;;;;;
;;;;;;;;;0;0;;;;;;;;;;;;;;
;;;;;;;;;0;0;;;;;;;;;;;;;;
;;;;;;;;;0;0;;;;;;;;;;;;;;
;;;;;;;;;0;0;;;;;;;;;;;;;;
;;;;;;;;;0;0;;;;;;;;;;;;;;
;;;;;;;;;0;0;;;;;;;;;;;;;;
;;;;;;;;;0;0;;;;;;;;;;;;;;
;;;;;;;;;0;0;;;;;;;;;;;;;;
;;;;;;;;;0;0;;;;;;;;;;;;;;
;;;;;;;;;0;0;;;;;;;;;;;;;;
;;;;;;;;;0;0;;;;;;;;;;;;;;
;;;;;;;;;0;0;;;;;;;;;;;;;;
;;;;;;;;;0;0;;;;;;;;;;;;;;
;;;;;;;;;0;0;;;;;;;;;;;;;;
;;;;;;;;;0;0;;;;;;;;;;;;;;
;;;;;;;;;0;0;;;;;;;;;;;;;;
;;;;;;;;;0;0;;;;;;;;;;;;;;
;;;;;;;;;0;0;;;;;;;;;;;;;;
;;;;;;;;;0;0;;;;;;;;;;;;;;
;;;;;;;;;0;0;;;;;;;;;;;;;;
;;;;;;;;;0;0;;;;;;;;;;;;;;
;;;;;;;;;0;0;;;;;;;;;;;;;;
;;;;;;;;;0;0;;;;;;;;;;;;;;
;;;;;;;;;0;0;;;;;;;;;;;;;;
;;;;;;;;;0;0;;;;;;;;;;;;;;
;;;;;;;;;0;0;;;;;;;;;;;;;;
;;;;;;;;;0;0;;;;;;;;;;;;;;
;;;;;;;;;0;0;;;;;;;;;;;;;;
;;;;;;;;;0;0;;;;;;;;;;;;;;
;;;;;;;;;0;0;;;;;;;;;;;;;;
;;;;;;;;;0;0;;;;;;;;;;;;;;
;;;;;;;;;0;0;;;;;;;;;;;;;;
;;;;;;;;;0;0;;;;;;;;;;;;;;
;;;;;;;;;0;0;;;;;;;;;;;;;;
;;;;;;;;;0;0;;;;;;;;;;;;;;
;;;;;;;;;0;0;;;;;;;;;;;;;;
;;;;;;;;;0;0;;;;;;;;;;;;;;
;;;;;;;;;0;0;;;;;;;;;;;;;;
;;;;;;;;;0;0;;;;;;;;;;;;;;
;;;;;;;;;0;0;;;;;;;;;;;;;;
;;;;;;;;;0;0;;;;;;;;;;;;;;
;;;;;;;;;0;0;;;;;;;;;;;;;;
;;;;;;;;;0;0;;;;;;;;;;;;;;
;;;;;;;;;0;0;;;;;;;;;;;;;;
;;;;;;;;;0;0;;;;;;;;;;;;;;
;;;;;;;;;0;0;;;;;;;;;;;;;;
;;;;;;;;;0;0;;;;;;;;;;;;;;
;;;;;;;;;0;0;;;;;;;;;;;;;;
;;;;;;;;;0;0;;;;;;;;;;;;;;
;;;;;;;;;0;0;;;;;;;;;;;;;;
;;;;;;;;;0;0;;;;;;;;;;;;;;
;;;;;;;;;0;0;;;;;;;;;;;;;;
;;;;;;;;;0;0;;;;;;;;;;;;;;
;;;;;;;;;0;0;;;;;;;;;;;;;;
;;;;;;;;;0;0;;;;;;;;;;;;;;
;;;;;;;;;0;0;;;;;;;;;;;;;;
;;;;;;;;;0;0;;;;;;;;;;;;;;
;;;;;;;;;0;0;;;;;;;;;;;;;;
;;;;;;;;;0;0;;;;;;;;;;;;;;
;;;;;;;;;0;0;;;;;;;;;;;;;;
;;;;;;;;;0;0;;;;;;;;;;;;;;
;;;;;;;;;0;0;;;;;;;;;;;;;;
;;;;;;;;;0;0;;;;;;;;;;;;;;
;;;;;;;;;0;0;;;;;;;;;;;;;;
;;;;;;;;;0;0;;;;;;;;;;;;;;
;;;;;;;;;0;0;;;;;;;;;;;;;;
;;;;;;;;;0;0;;;;;;;;;;;;;;
;;;;;;;;;0;0;;;;;;;;;;;;;;
;;;;;;;;;0;0;;;;;;;;;;;;;;
;;;;;;;;;0;0;;;;;;;;;;;;;;
;;;;;;;;;0;0;;;;;;;;;;;;;;
;;;;;;;;;0;0;;;;;;;;;;;;;;
;;;;;;;;;0;0;;;;;;;;;;;;;;
;;;;;;;;;0;0;;;;;;;;;;;;;;
;;;;;;;;;0;0;;;;;;;;;;;;;;
;;;;;;;;;0;0;;;;;;;;;;;;;;
;;;;;;;;;0;0;;;;;;;;;;;;;;
;;;;;;;;;0;0;;;;;;;;;;;;;;
;;;;;;;;;0;0;;;;;;;;;;;;;;
;;;;;;;;;0;0;;;;;;;;;;;;;;
;;;;;;;;;0;0;;;;;;;;;;;;;;
;;;;;;;;;0;0;;;;;;;;;;;;;;
;;;;;;;;;0;0;;;;;;;;;;;;;;
;;;;;;;;;0;0;;;;;;;;;;;;;;
;;;;;;;;;0;0;;;;;;;;;;;;;;
;;;;;;;;;0;0;;;;;;;;;;;;;;
;;;;;;;;;0;0;;;;;;;;;;;;;;
;;;;;;;;;0;0;;;;;;;;;;;;;;
;;;;;;;;;0;0;;;;;;;;;;;;;;
;;;;;;;;;0;0;;;;;;;;;;;;;;
;;;;;;;;;0;0;;;;;;;;;;;;;;
;;;;;;;;;0;0;;;;;;;;;;;;;;
;;;;;;;;;0;0;;;;;;;;;;;;;;
;;;;;;;;;0;0;;;;;;;;;;;;;;
;;;;;;;;;0;0;;;;;;;;;;;;;;
;;;;;;;;;0;0;;;;;;;;;;;;;;
;;;;;;;;;0;0;;;;;;;;;;;;;;
;;;;;;;;;0;0;;;;;;;;;;;;;;
;;;;;;;;;0;0;;;;;;;;;;;;;;
;;;;;;;;;0;0;;;;;;;;;;;;;;
;;;;;;;;;0;0;;;;;;;;;;;;;;
;;;;;;;;;0;0;;;;;;;;;;;;;;
;;;;;;;;;0;0;;;;;;;;;;;;;;
;;;;;;;;;0;0;;;;;;;;;;;;;;
;;;;;;;;;0;0;;;;;;;;;;;;;;
;;;;;;;;;0;0;;;;;;;;;;;;;;
;;;;;;;;;0;0;;;;;;;;;;;;;;
;;;;;;;;;0;0;;;;;;;;;;;;;;
;;;;;;;;;0;0;;;;;;;;;;;;;;
;;;;;;;;;0;0;;;;;;;;;;;;;;
;;;;;;;;;0;0;;;;;;;;;;;;;;
;;;;;;;;;0;0;;;;;;;;;;;;;;
;;;;;;;;;0;0;;;;;;;;;;;;;;
;;;;;;;;;0;0;;;;;;;;;;;;;;
;;;;;;;;;0;0;;;;;;;;;;;;;;
;;;;;;;;;0;0;;;;;;;;;;;;;;
;;;;;;;;;0;0;;;;;;;;;;;;;;
;;;;;;;;;0;0;;;;;;;;;;;;;;
;;;;;;;;;0;0;;;;;;;;;;;;;;
;;;;;;;;;0;0;;;;;;;;;;;;;;
;;;;;;;;;0;0;;;;;;;;;;;;;;
;;;;;;;;;0;0;;;;;;;;;;;;;;
;;;;;;;;;0;0;;;;;;;;;;;;;;
;;;;;;;;;0;0;;;;;;;;;;;;;;
;;;;;;;;;0;0;;;;;;;;;;;;;;
;;;;;;;;;0;0;;;;;;;;;;;;;;
;;;;;;;;;0;0;;;;;;;;;;;;;;
;;;;;;;;;0;0;;;;;;;;;;;;;;
;;;;;;;;;0;0;;;;;;;;;;;;;;
;;;;;;;;;0;0;;;;;;;;;;;;;;
;;;;;;;;;0;0;;;;;;;;;;;;;;
;;;;;;;;;0;0;;;;;;;;;;;;;;
;;;;;;;;;0;0;;;;;;;;;;;;;;
;;;;;;;;;0;0;;;;;;;;;;;;;;
;;;;;;;;;0;0;;;;;;;;;;;;;;
;;;;;;;;;0;0;;;;;;;;;;;;;;
;;;;;;;;;0;0;;;;;;;;;;;;;;
;;;;;;;;;0;0;;;;;;;;;;;;;;
;;;;;;;;;0;0;;;;;;;;;;;;;;
;;;;;;;;;0;0;;;;;;;;;;;;;;
;;;;;;;;;0;0;;;;;;;;;;;;;;
;;;;;;;;;0;0;;;;;;;;;;;;;;
;;;;;;;;;0;0;;;;;;;;;;;;;;
;;;;;;;;;0;0;;;;;;;;;;;;;;
;;;;;;;;;0;0;;;;;;;;;;;;;;
;;;;;;;;;0;0;;;;;;;;;;;;;;
;;;;;;;;;0;0;;;;;;;;;;;;;;
;;;;;;;;;0;0;;;;;;;;;;;;;;
;;;;;;;;;0;0;;;;;;;;;;;;;;
;;;;;;;;;0;0;;;;;;;;;;;;;;
;;;;;;;;;0;0;;;;;;;;;;;;;;
;;;;;;;;;0;0;;;;;;;;;;;;;;
;;;;;;;;;0;0;;;;;;;;;;;;;;
;;;;;;;;;0;0;;;;;;;;;;;;;;
;;;;;;;;;0;0;;;;;;;;;;;;;;
;;;;;;;;;0;0;;;;;;;;;;;;;;
;;;;;;;;;0;0;;;;;;;;;;;;;;
;;;;;;;;;0;0;;;;;;;;;;;;;;
;;;;;;;;;0;0;;;;;;;;;;;;;;
;;;;;;;;;0;0;;;;;;;;;;;;;;
;;;;;;;;;0;0;;;;;;;;;;;;;;
;;;;;;;;;0;0;;;;;;;;;;;;;;
;;;;;;;;;0;0;;;;;;;;;;;;;;
;;;;;;;;;0;0;;;;;;;;;;;;;;
;;;;;;;;;0;0;;;;;;;;;;;;;;
;;;;;;;;;0;0;;;;;;;;;;;;;;
;;;;;;;;;0;0;;;;;;;;;;;;;;
;;;;;;;;;0;0;;;;;;;;;;;;;;
;;;;;;;;;0;0;;;;;;;;;;;;;;
;;;;;;;;;0;0;;;;;;;;;;;;;;
;;;;;;;;;0;0;;;;;;;;;;;;;;
;;;;;;;;;0;0;;;;;;;;;;;;;;
;;;;;;;;;0;0;;;;;;;;;;;;;;
;;;;;;;;;0;0;;;;;;;;;;;;;;
;;;;;;;;;0;0;;;;;;;;;;;;;;
;;;;;;;;;0;0;;;;;;;;;;;;;;
;;;;;;;;;0;0;;;;;;;;;;;;;;
;;;;;;;;;0;0;;;;;;;;;;;;;;
;;;;;;;;;0;0;;;;;;;;;;;;;;
;;;;;;;;;0;0;;;;;;;;;;;;;;
;;;;;;;;;0;0;;;;;;;;;;;;;;
;;;;;;;;;0;0;;;;;;;;;;;;;;
;;;;;;;;;0;0;;;;;;;;;;;;;;
;;;;;;;;;0;0;;;;;;;;;;;;;;
;;;;;;;;;0;0;;;;;;;;;;;;;;
;;;;;;;;;0;0;;;;;;;;;;;;;;
;;;;;;;;;0;0;;;;;;;;;;;;;;
;;;;;;;;;0;0;;;;;;;;;;;;;;
;;;;;;;;;0;0;;;;;;;;;;;;;;
;;;;;;;;;0;0;;;;;;;;;;;;;;
;;;;;;;;;0;0;;;;;;;;;;;;;;
;;;;;;;;;0;0;;;;;;;;;;;;;;
;;;;;;;;;0;0;;;;;;;;;;;;;;
;;;;;;;;;0;0;;;;;;;;;;;;;;
;;;;;;;;;0;0;;;;;;;;;;;;;;
;;;;;;;;;0;0;;;;;;;;;;;;;;
;;;;;;;;;0;0;;;;;;;;;;;;;;
;;;;;;;;;0;0;;;;;;;;;;;;;;
;;;;;;;;;0;0;;;;;;;;;;;;;;
;;;;;;;;;0;0;;;;;;;;;;;;;;
;;;;;;;;;0;0;;;;;;;;;;;;;;
;;;;;;;;;0;0;;;;;;;;;;;;;;
;;;;;;;;;0;0;;;;;;;;;;;;;;
;;;;;;;;;0;0;;;;;;;;;;;;;;
;;;;;;;;;0;0;;;;;;;;;;;;;;
;;;;;;;;;0;0;;;;;;;;;;;;;;
;;;;;;;;;0;0;;;;;;;;;;;;;;
;;;;;;;;;0;0;;;;;;;;;;;;;;
;;;;;;;;;0;0;;;;;;;;;;;;;;
;;;;;;;;;0;0;;;;;;;;;;;;;;
;;;;;;;;;0;0;;;;;;;;;;;;;;
;;;;;;;;;0;0;;;;;;;;;;;;;;
;;;;;;;;;0;0;;;;;;;;;;;;;;
;;;;;;;;;0;0;;;;;;;;;;;;;;
;;;;;;;;;0;0;;;;;;;;;;;;;;
;;;;;;;;;0;0;;;;;;;;;;;;;;
;;;;;;;;;0;0;;;;;;;;;;;;;;
;;;;;;;;;0;0;;;;;;;;;;;;;;
;;;;;;;;;0;0;;;;;;;;;;;;;;
;;;;;;;;;0;0;;;;;;;;;;;;;;
;;;;;;;;;0;0;;;;;;;;;;;;;;
;;;;;;;;;0;0;;;;;;;;;;;;;;
;;;;;;;;;0;0;;;;;;;;;;;;;;
;;;;;;;;;0;0;;;;;;;;;;;;;;
;;;;;;;;;0;0;;;;;;;;;;;;;;
;;;;;;;;;0;0;;;;;;;;;;;;;;
;;;;;;;;;0;0;;;;;;;;;;;;;;
;;;;;;;;;0;0;;;;;;;;;;;;;;
;;;;;;;;;0;0;;;;;;;;;;;;;;
;;;;;;;;;0;0;;;;;;;;;;;;;;
;;;;;;;;;0;0;;;;;;;;;;;;;;
;;;;;;;;;0;0;;;;;;;;;;;;;;
;;;;;;;;;0;0;;;;;;;;;;;;;;
;;;;;;;;;0;0;;;;;;;;;;;;;;
;;;;;;;;;0;0;;;;;;;;;;;;;;
;;;;;;;;;0;0;;;;;;;;;;;;;;
;;;;;;;;;0;0;;;;;;;;;;;;;;
;;;;;;;;;0;0;;;;;;;;;;;;;;
;;;;;;;;;0;0;;;;;;;;;;;;;;
;;;;;;;;;0;0;;;;;;;;;;;;;;
;;;;;;;;;0;0;;;;;;;;;;;;;;
;;;;;;;;;0;0;;;;;;;;;;;;;;
;;;;;;;;;0;0;;;;;;;;;;;;;;
;;;;;;;;;0;0;;;;;;;;;;;;;;
;;;;;;;;;0;0;;;;;;;;;;;;;;
;;;;;;;;;0;0;;;;;;;;;;;;;;
;;;;;;;;;0;0;;;;;;;;;;;;;;
;;;;;;;;;0;0;;;;;;;;;;;;;;
;;;;;;;;;0;0;;;;;;;;;;;;;;
;;;;;;;;;0;0;;;;;;;;;;;;;;
;;;;;;;;;0;0;;;;;;;;;;;;;;
;;;;;;;;;0;0;;;;;;;;;;;;;;
;;;;;;;;;0;0;;;;;;;;;;;;;;
;;;;;;;;;0;0;;;;;;;;;;;;;;
;;;;;;;;;0;0;;;;;;;;;;;;;;
;;;;;;;;;0;0;;;;;;;;;;;;;;
;;;;;;;;;0;0;;;;;;;;;;;;;;
;;;;;;;;;0;0;;;;;;;;;;;;;;
;;;;;;;;;0;0;;;;;;;;;;;;;;
;;;;;;;;;0;0;;;;;;;;;;;;;;
;;;;;;;;;0;0;;;;;;;;;;;;;;
;;;;;;;;;0;0;;;;;;;;;;;;;;
;;;;;;;;;0;0;;;;;;;;;;;;;;
;;;;;;;;;0;0;;;;;;;;;;;;;;
;;;;;;;;;0;0;;;;;;;;;;;;;;
;;;;;;;;;0;0;;;;;;;;;;;;;;
;;;;;;;;;0;0;;;;;;;;;;;;;;
;;;;;;;;;0;0;;;;;;;;;;;;;;
;;;;;;;;;0;0;;;;;;;;;;;;;;
;;;;;;;;;0;0;;;;;;;;;;;;;;
;;;;;;;;;0;0;;;;;;;;;;;;;;
;;;;;;;;;0;0;;;;;;;;;;;;;;
;;;;;;;;;0;0;;;;;;;;;;;;;;
;;;;;;;;;0;0;;;;;;;;;;;;;;
;;;;;;;;;0;0;;;;;;;;;;;;;;
;;;;;;;;;0;0;;;;;;;;;;;;;;
;;;;;;;;;0;0;;;;;;;;;;;;;;
;;;;;;;;;0;0;;;;;;;;;;;;;;
;;;;;;;;;0;0;;;;;;;;;;;;;;
;;;;;;;;;0;0;;;;;;;;;;;;;;
;;;;;;;;;0;0;;;;;;;;;;;;;;
;;;;;;;;;0;0;;;;;;;;;;;;;;
;;;;;;;;;0;0;;;;;;;;;;;;;;
;;;;;;;;;0;0;;;;;;;;;;;;;;
;;;;;;;;;0;0;;;;;;;;;;;;;;
;;;;;;;;;0;0;;;;;;;;;;;;;;
;;;;;;;;;0;0;;;;;;;;;;;;;;
;;;;;;;;;0;0;;;;;;;;;;;;;;
;;;;;;;;;0;0;;;;;;;;;;;;;;
;;;;;;;;;0;0;;;;;;;;;;;;;;
;;;;;;;;;0;0;;;;;;;;;;;;;;
;;;;;;;;;0;0;;;;;;;;;;;;;;
;;;;;;;;;0;0;;;;;;;;;;;;;;
;;;;;;;;;0;0;;;;;;;;;;;;;;
;;;;;;;;;0;0;;;;;;;;;;;;;;
;;;;;;;;;0;0;;;;;;;;;;;;;;
;;;;;;;;;0;0;;;;;;;;;;;;;;
;;;;;;;;;0;0;;;;;;;;;;;;;;
;;;;;;;;;0;0;;;;;;;;;;;;;;
;;;;;;;;;0;0;;;;;;;;;;;;;;
;;;;;;;;;0;0;;;;;;;;;;;;;;
;;;;;;;;;0;0;;;;;;;;;;;;;;
;;;;;;;;;0;0;;;;;;;;;;;;;;
;;;;;;;;;0;0;;;;;;;;;;;;;;
;;;;;;;;;0;0;;;;;;;;;;;;;;
;;;;;;;;;0;0;;;;;;;;;;;;;;
;;;;;;;;;0;0;;;;;;;;;;;;;;
;;;;;;;;;;0;;;;;;;;;;;;;;