fid;left;top;right;bottom;left;top;right;bottom;Final count;Final average;;;;;;;;;;;;;;;;
1;755000;1038000;754000;1039000;448459,27;5558604,107;449450,689;5557612,743;0;0;0;;;;;;;;;;;;;;;
2;755000;1039000;754000;1040000;448459,27;5557612,743;449450,689;5556621,379;0;0;0;;;;;;;;;;;;;;;
3;755000;1040000;754000;1041000;448459,27;5556621,379;449450,689;5555630,015;0;0;0;;;;;;;;;;;;;;;
4;755000;1041000;754000;1042000;448459,27;5555630,015;449450,689;5554638,651;0;0;0;;;;;;;;;;;;;;;
5;755000;1042000;754000;1043000;448459,27;5554638,651;449450,689;5553647,287;0;0;0;;;;;;;;;;;;;;;
6;755000;1043000;754000;1044000;448459,27;5553647,287;449450,689;5552655,923;0;0;0;;;;;;;;;;;;;;;
7;755000;1044000;754000;1045000;448459,27;5552655,923;449450,689;5551664,559;0;0;0;;;;;;;;;;;;;;;
8;755000;1045000;754000;1046000;448459,27;5551664,559;449450,689;5550673,195;81300;40650;13200;68100;;;;;;;;;;;;;;
9;755000;1046000;754000;1047000;448459,27;5550673,195;449450,689;5549681,831;0;0;0;;;;;;;;;;;;;;;
10;755000;1047000;754000;1048000;448459,27;5549681,831;449450,689;5548690,467;70500;35250;5400;65100;;;;;;;;;;;;;;
11;755000;1048000;754000;1049000;448459,27;5548690,467;449450,689;5547699,103;0;0;0;;;;;;;;;;;;;;;
12;;2;;;;;;;0;0;0;;;;;;;;;;;;;;;
13;754000;1037000;753000;1038000;449450,689;5559595,47;450442,107;5558604,107;105500;52750;30 400;75 100;;;;;;;;;;;;;;
14;754000;1038000;753000;1039000;449450,689;5558604,107;450442,107;5557612,743;75300;75300;75 300;;;;;;;;;;;;;;;
15;754000;1039000;753000;1040000;449450,689;5557612,743;450442,107;5556621,379;0;0;0;;;;;;;;;;;;;;;
16;754000;1040000;753000;1041000;449450,689;5556621,379;450442,107;5555630,015;0;0;0;;;;;;;;;;;;;;;
17;754000;1041000;753000;1042000;449450,689;5555630,015;450442,107;5554638,651;37100;37100;37 100;;;;;;;;;;;;;;;
18;754000;1042000;753000;1043000;449450,689;5554638,651;450442,107;5553647,287;166000;83000;121 700;44 300;;;;;;;;;;;;;;
19;754000;1043000;753000;1044000;449450,689;5553647,287;450442,107;5552655,923;0;0;0;;;;;;;;;;;;;;;
20;754000;1044000;753000;1045000;449450,689;5552655,923;450442,107;5551664,559;0;0;0;;;;;;;;;;;;;;;
21;754000;1045000;753000;1046000;449450,689;5551664,559;450442,107;5550673,195;0;0;0;;;;;;;;;;;;;;;
22;754000;1046000;753000;1047000;449450,689;5550673,195;450442,107;5549681,831;0;0;0;;;;;;;;;;;;;;;
23;754000;1047000;753000;1048000;449450,689;5549681,831;450442,107;5548690,467;0;0;0;;;;;;;;;;;;;;;
24;;3;;;;;;;0;0;0;;;;;;;;;;;;;;;
25;753000;1038000;752000;1039000;450442,107;5558604,107;451433,5257;5557612,743;0;0;0;;;;;;;;;;;;;;;
26;753000;1039000;752000;1040000;450442,107;5557612,743;451433,5257;5556621,379;11000;11000;11 000;;;;;;;;;;;;;;;
27;753000;1040000;752000;1041000;450442,107;5556621,379;451433,5257;5555630,015;90300;90300;90 300;;;;;;;;;;;;;;;
28;753000;1041000;752000;1042000;450442,107;5555630,015;451433,5257;5554638,651;38600;38600;38 600;;;;;;;;;;;;;;;
29;753000;1042000;752000;1043000;450442,107;5554638,651;451433,5257;5553647,287;51300;25650;5 300;46 000;;;;;;;;;;;;;;
30;753000;1043000;752000;1044000;450442,107;5553647,287;451433,5257;5552655,923;0;0;0;;;;;;;;;;;;;;;
31;753000;1044000;752000;1045000;450442,107;5552655,923;451433,5257;5551664,559;65100;32550;38 600;26 500;;;;;;;;;;;;;;
32;753000;1045000;752000;1046000;450442,107;5551664,559;451433,5257;5550673,195;31800;31800;31 800;;;;;;;;;;;;;;;
33;753000;1046000;752000;1047000;450442,107;5550673,195;451433,5257;5549681,831;121000;60500;19 000;102 000;;;;;;;;;;;;;;
34;753000;1047000;752000;1048000;450442,107;5549681,831;451433,5257;5548690,467;42000;21000;15 700;26 300;;;;;;;;;;;;;;
35;753000;1048000;752000;1049000;450442,107;5548690,467;451433,5257;5547699,103;15700;15700;15 700;;;;;;;;;;;;;;;
36;;4;;;;;;;0;0;0;;;;;;;;;;;;;;;
37;752000;1037000;751000;1038000;451433,5257;5559595,47;452424,9442;5559595,47;0;0;0;;;;;;;;;;;;;;;
38;752000;1038000;751000;1039000;451433,5257;5558604,107;452424,9442;5558604,107;2200;2200;2 200;;;;;;;;;;;;;;;
39;752000;1039000;751000;1040000;451433,5257;5557612,743;452424,9442;5557612,743;0;0;0;;;;;;;;;;;;;;;
40;752000;1040000;751000;1041000;451433,5257;5556621,379;452424,9442;5556621,379;0;0;0;;;;;;;;;;;;;;;
41;752000;1041000;751000;1042000;451433,5257;5555630,015;452424,9442;5555630,015;0;0;0;;;;;;;;;;;;;;;
42;752000;1042000;751000;1043000;451433,5257;5554638,651;452424,9442;5554638,651;35600;35600;35 600;;;;;;;;;;;;;;;
43;752000;1043000;751000;1044000;451433,5257;5553647,287;452424,9442;5553647,287;41000;20500;28 100;12 900;;;;;;;;;;;;;;
44;752000;1044000;751000;1045000;451433,5257;5552655,923;452424,9442;5552655,923;59900;59900;59 900;;;;;;;;;;;;;;;
45;752000;1045000;751000;1046000;451433,5257;5551664,559;452424,9442;5551664,559;0;0;0;;;;;;;;;;;;;;;
46;752000;1046000;751000;1047000;451433,5257;5550673,195;452424,9442;5550673,195;0;0;0;;;;;;;;;;;;;;;
47;752000;1047000;751000;1048000;451433,5257;5549681,831;452424,9442;5549681,831;45900;22950;22 600;23 300;;;;;;;;;;;;;;
48;752000;1048000;751000;1049000;451433,5257;5548690,467;452424,9442;5548690,467;0;0;0;;;;;;;;;;;;;;;
49;752000;1049000;751000;1050000;451433,5257;5547699,103;452424,9442;5547699,103;0;0;0;;;;;;;;;;;;;;;
50;752000;1050000;751000;1051000;451433,5257;5546707,739;452424,9442;5546707,739;0;0;0;;;;;;;;;;;;;;;
51;752000;1051000;751000;1052000;451433,5257;5545716,375;452424,9442;5545716,375;0;0;0;;;;;;;;;;;;;;;
52;752000;1052000;751000;1053000;451433,5257;5544725,011;452424,9442;5544725,011;0;0;0;;;;;;;;;;;;;;;
53;;5;;;;;;;0;0;0;;;;;;;;;;;;;;;
54;751000;1038000;750000;1039000;452424,9442;5558604,107;453416,3627;5557612,743;0;0;0;;;;;;;;;;;;;;;
55;751000;1039000;750000;1040000;452424,9442;5557612,743;453416,3627;5556621,379;0;0;0;;;;;;;;;;;;;;;
56;751000;1040000;750000;1041000;452424,9442;5556621,379;453416,3627;5555630,015;121800;30450;35 100;34 400;35 000;17 300;;;;;;;;;;;;
57;751000;1041000;750000;1042000;452424,9442;5555630,015;453416,3627;5554638,651;0;0;0;;;;;;;;;;;;;;;
58;751000;1042000;750000;1043000;452424,9442;5554638,651;453416,3627;5553647,287;60400;60400;60 400;;;;;;;;;;;;;;;
59;751000;1043000;750000;1044000;452424,9442;5553647,287;453416,3627;5552655,923;79200;39600;55 000;24 200;;;;;;;;;;;;;;
60;751000;1044000;750000;1045000;452424,9442;5552655,923;453416,3627;5551664,559;7700;7700;7 700;;;;;;;;;;;;;;;
61;751000;1045000;750000;1046000;452424,9442;5551664,559;453416,3627;5550673,195;32400;32400;32 400;;;;;;;;;;;;;;;
62;751000;1046000;750000;1047000;452424,9442;5550673,195;453416,3627;5549681,831;32700;32700;32 700;;;;;;;;;;;;;;;
63;751000;1047000;750000;1048000;452424,9442;5549681,831;453416,3627;5548690,467;0;0;0;;;;;;;;;;;;;;;
64;751000;1048000;750000;1049000;452424,9442;5548690,467;453416,3627;5547699,103;43400;43400;43 400;;;;;;;;;;;;;;;
65;751000;1049000;750000;1050000;452424,9442;5547699,103;453416,3627;5546707,739;40600;40600;40 600;;;;;;;;;;;;;;;
66;751000;1050000;750000;1051000;452424,9442;5546707,739;453416,3627;5545716,375;64000;32000;35 300;28 700;;;;;;;;;;;;;;
67;751000;1051000;750000;1052000;452424,9442;5545716,375;453416,3627;5544725,011;83000;83000;83 000;;;;;;;;;;;;;;;
68;751000;1052000;750000;1053000;452424,9442;5544725,011;453416,3627;5543733,647;18000;18000;18 000;;;;;;;;;;;;;;;
69;;6;;;;;;;0;0;0;;;;;;;;;;;;;;;
70;750000;1038000;749000;1039000;453416,3627;5558604,107;454407,7812;5557612,743;0;0;0;;;;;;;;;;;;;;;
71;750000;1039000;749000;1040000;453416,3627;5557612,743;454407,7812;5556621,379;0;0;0;;;;;;;;;;;;;;;
72;750000;1040000;749000;1041000;453416,3627;5556621,379;454407,7812;5555630,015;36300;36300;36 300;;;;;;;;;;;;;;;
73;750000;1041000;749000;1042000;453416,3627;5555630,015;454407,7812;5554638,651;54300;18100;12 200;27 100;15 000;;;;;;;;;;;;;
74;750000;1042000;749000;1043000;453416,3627;5554638,651;454407,7812;5553647,287;83800;27933;24 400;37 700;21 700;;;;;;;;;;;;;
75;750000;1043000;749000;1044000;453416,3627;5553647,287;454407,7812;5552655,923;26300;26300;26 300;;;;;;;;;;;;;;;
76;750000;1044000;749000;1045000;453416,3627;5552655,923;454407,7812;5551664,559;0;0;0;;;;;;;;;;;;;;;
77;750000;1045000;749000;1046000;453416,3627;5551664,559;454407,7812;5550673,195;20500;10250;12 800;7 700;;;;;;;;;;;;;;
78;750000;1046000;749000;1047000;453416,3627;5550673,195;454407,7812;5549681,831;0;0;0;;;;;;;;;;;;;;;
79;750000;1047000;749000;1048000;453416,3627;5549681,831;454407,7812;5548690,467;0;0;0;;;;;;;;;;;;;;;
80;750000;1048000;749000;1049000;453416,3627;5548690,467;454407,7812;5547699,103;44300;44300;44 300;;;;;;;;;;;;;;;
81;750000;1049000;749000;1050000;453416,3627;5547699,103;454407,7812;5546707,739;0;0;0;;;;;;;;;;;;;;;
82;750000;1050000;749000;1051000;453416,3627;5546707,739;454407,7812;5545716,375;0;0;0;;;;;;;;;;;;;;;
83;750000;1051000;749000;1052000;453416,3627;5545716,375;454407,7812;5544725,011;0;0;0;;;;;;;;;;;;;;;
84;750000;1052000;749000;1053000;453416,3627;5544725,011;454407,7812;5543733,647;21400;10700;14 400;7 000;;;;;;;;;;;;;;
85;;7;;;;;;;0;0;0;;;;;;;;;;;;;;;
86;749000;1038000;748000;1039000;454407,7812;5558604,107;455399,1997;5557612,743;0;0;0;;;;;;;;;;;;;;;
87;749000;1039000;748000;1040000;454407,7812;5557612,743;455399,1997;5556621,379;4500;4500;4 500;;;;;;;;;;;;;;;
88;749000;1040000;748000;1041000;454407,7812;5556621,379;455399,1997;5555630,015;134400;33600;40 700;31 600;31 600;30 500;;;;;;;;;;;;
89;749000;1041000;748000;1042000;454407,7812;5555630,015;455399,1997;5554638,651;65000;32500;27 200;37 800;;;;;;;;;;;;;;
90;749000;1042000;748000;1043000;454407,7812;5554638,651;455399,1997;5553647,287;92200;30733;33 900;30 600;27 700;;;;;;;;;;;;;
91;749000;1043000;748000;1044000;454407,7812;5553647,287;455399,1997;5552655,923;0;0;0;;;;;;;;;;;;;;;
92;749000;1044000;748000;1045000;454407,7812;5552655,923;455399,1997;5551664,559;53600;26800;21 100;32 500;;;;;;;;;;;;;;
93;749000;1045000;748000;1046000;454407,7812;5551664,559;455399,1997;5550673,195;0;0;0;;;;;;;;;;;;;;;
94;749000;1046000;748000;1047000;454407,7812;5550673,195;455399,1997;5549681,831;0;0;0;;;;;;;;;;;;;;;
95;749000;1047000;748000;1048000;454407,7812;5549681,831;455399,1997;5548690,467;45400;45400;45 400;;;;;;;;;;;;;;;
96;749000;1048000;748000;1049000;454407,7812;5548690,467;455399,1997;5547699,103;0;0;0;;;;;;;;;;;;;;;
97;749000;1049000;748000;1050000;454407,7812;5547699,103;455399,1997;5546707,739;0;0;0;;;;;;;;;;;;;;;
98;749000;1050000;748000;1051000;454407,7812;5546707,739;455399,1997;5545716,375;0;0;0;;;;;;;;;;;;;;;
99;749000;1051000;748000;1052000;454407,7812;5545716,375;455399,1997;5544725,011;0;0;0;;;;;;;;;;;;;;;
100;749000;1052000;748000;1053000;454407,7812;5544725,011;455399,1997;5543733,647;0;0;0;;;;;;;;;;;;;;;
101;;9;;;;;;;0;0;0;;;;;;;;;;;;;;;
102;747000;1036000;746000;1037000;456390,6182;5560586,834;457382,0367;5559595,47;15000;15000;15 000;;;;;;;;;;;;;;;
103;747000;1037000;746000;1038000;456390,6182;5559595,47;457382,0367;5558604,107;0;0;0;;;;;;;;;;;;;;;
104;747000;1038000;746000;1039000;456390,6182;5558604,107;457382,0367;5557612,743;0;0;0;;;;;;;;;;;;;;;
105;747000;1039000;746000;1040000;456390,6182;5557612,743;457382,0367;5556621,379;0;0;0;;;;;;;;;;;;;;;
106;747000;1040000;746000;1041000;456390,6182;5556621,379;457382,0367;5555630,015;0;0;0;;;;;;;;;;;;;;;
107;747000;1041000;746000;1042000;456390,6182;5555630,015;457382,0367;5554638,651;160800;32160;31 000;40 900;39 100;34 200;15 600;;;;;;;;;;;
108;747000;1042000;746000;1043000;456390,6182;5554638,651;457382,0367;5553647,287;49800;49800;49 800;;;;;;;;;;;;;;;
109;747000;1043000;746000;1044000;456390,6182;5553647,287;457382,0367;5552655,923;8400;8400;8 400;;;;;;;;;;;;;;;
110;747000;1044000;746000;1045000;456390,6182;5552655,923;457382,0367;5551664,559;107500;26875;26 800;22 700;35 900;22 100;;;;;;;;;;;;
111;747000;1045000;746000;1046000;456390,6182;5551664,559;457382,0367;5550673,195;48600;24300;25 800;22 800;;;;;;;;;;;;;;
112;747000;1046000;746000;1047000;456390,6182;5550673,195;457382,0367;5549681,831;32100;16050;26 300;5 800;;;;;;;;;;;;;;
113;747000;1047000;746000;1048000;456390,6182;5549681,831;457382,0367;5548690,467;0;0;0;;;;;;;;;;;;;;;
114;747000;1048000;746000;1049000;456390,6182;5548690,467;457382,0367;5547699,103;50600;50600;50 600;;;;;;;;;;;;;;;
115;747000;1049000;746000;1050000;456390,6182;5547699,103;457382,0367;5546707,739;47800;47800;47 800;;;;;;;;;;;;;;;
116;747000;1050000;746000;1051000;456390,6182;5546707,739;457382,0367;5545716,375;0;0;0;;;;;;;;;;;;;;;
117;747000;1051000;746000;1052000;456390,6182;5545716,375;457382,0367;5544725,011;0;0;0;;;;;;;;;;;;;;;
118;747000;1052000;746000;1053000;456390,6182;5544725,011;457382,0367;5543733,647;0;0;0;;;;;;;;;;;;;;;
119;747000;1053000;746000;1054000;456390,6182;5543733,647;457382,0367;5542742,283;0;0;0;;;;;;;;;;;;;;;
120;;10;;;;;;;0;0;0;;;;;;;;;;;;;;;
121;746000;1036000;745000;1037000;457382,0367;5560586,834;458373,4552;5559595,47;0;0;0;;;;;;;;;;;;;;;
122;746000;1037000;745000;1038000;457382,0367;5559595,47;458373,4552;5558604,107;14600;14600;14 600;;;;;;;;;;;;;;;
123;746000;1038000;745000;1039000;457382,0367;5558604,107;458373,4552;5557612,743;0;0;0;;;;;;;;;;;;;;;
124;746000;1039000;745000;1040000;457382,0367;5557612,743;458373,4552;5556621,379;0;0;0;;;;;;;;;;;;;;;
125;746000;1040000;745000;1041000;457382,0367;5556621,379;458373,4552;5555630,015;0;0;0;;;;;;;;;;;;;;;
126;746000;1041000;745000;1042000;457382,0367;5555630,015;458373,4552;5554638,651;165600;55200;36 000;32 400;97 200;;;;;;;;;;;;;
127;746000;1042000;745000;1043000;457382,0367;5554638,651;458373,4552;5553647,287;151500;21643;31 100;26 300;35 000;5 700;16 700;17 600;19 100;;;;;;;;;
128;746000;1043000;745000;1044000;457382,0367;5553647,287;458373,4552;5552655,923;17500;8750;10 200;7 300;;;;;;;;;;;;;;
129;746000;1044000;745000;1045000;457382,0367;5552655,923;458373,4552;5551664,559;113200;18867;19 800;11 100;4 500;21 000;20 100;36 700;;;;;;;;;;
130;746000;1045000;745000;1046000;457382,0367;5551664,559;458373,4552;5550673,195;149300;74650;103 000;46 300;;;;;;;;;;;;;;
131;746000;1046000;745000;1047000;457382,0367;5550673,195;458373,4552;5549681,831;0;0;0;;;;;;;;;;;;;;;
132;746000;1047000;745000;1048000;457382,0367;5549681,831;458373,4552;5548690,467;0;0;0;;;;;;;;;;;;;;;
133;746000;1048000;745000;1049000;457382,0367;5548690,467;458373,4552;5547699,103;74400;37200;20 500;53 900;;;;;;;;;;;;;;
134;746000;1049000;745000;1050000;457382,0367;5547699,103;458373,4552;5546707,739;0;0;0;;;;;;;;;;;;;;;
135;746000;1050000;745000;1051000;457382,0367;5546707,739;458373,4552;5545716,375;39900;19950;5 700;34 200;;;;;;;;;;;;;;
136;746000;1051000;745000;1052000;457382,0367;5545716,375;458373,4552;5544725,011;226000;113000;194 400;31 600;;;;;;;;;;;;;;
137;746000;1052000;745000;1053000;457382,0367;5544725,011;458373,4552;5543733,647;75600;37800;19 000;56 600;;;;;;;;;;;;;;
138;746000;1053000;745000;1054000;457382,0367;5543733,647;458373,4552;5542742,283;24300;24300;24 300;;;;;;;;;;;;;;;
139;;11;;;;;;;0;0;0;;;;;;;;;;;;;;;
140;745000;1036000;744000;1037000;458373,4552;5560586,834;459364,8737;5559595,47;0;0;0;;;;;;;;;;;;;;;
141;745000;1037000;744000;1038000;458373,4552;5559595,47;459364,8737;5558604,107;26200;26200;26 200;;;;;;;;;;;;;;;
142;745000;1038000;744000;1039000;458373,4552;5558604,107;459364,8737;5557612,743;0;0;0;;;;;;;;;;;;;;;
143;745000;1039000;744000;1040000;458373,4552;5557612,743;459364,8737;5556621,379;31700;15850;20 700;11 000;;;;;;;;;;;;;;
144;745000;1040000;744000;1041000;458373,4552;5556621,379;459364,8737;5555630,015;76000;25333;18 000;15 100;42 900;;;;;;;;;;;;;
145;745000;1041000;744000;1042000;458373,4552;5555630,015;459364,8737;5554638,651;259800;37114;18 600;21 600;97 200;105 100;1 500;800;15 000;;;;;;;;;
146;745000;1042000;744000;1043000;458373,4552;5554638,651;459364,8737;5553647,287;50600;16867;15 100;24 000;11 500;;;;;;;;;;;;;
147;745000;1043000;744000;1044000;458373,4552;5553647,287;459364,8737;5552655,923;26600;8867;11 500;10 300;4 800;;;;;;;;;;;;;
148;745000;1044000;744000;1045000;458373,4552;5552655,923;459364,8737;5551664,559;503400;41950;8 200;29 800;39 300;9 700;57 300;36 100;30 700;89 200;27 000;28 500;131 600;;;;;16 000
149;745000;1045000;744000;1046000;458373,4552;5551664,559;459364,8737;5550673,195;502000;62750;17 800;84 500;79 200;34 500;94 000;129 600;36 300;26 100;;;;;;;;
150;745000;1046000;744000;1047000;458373,4552;5550673,195;459364,8737;5549681,831;6800;6800;6 800;;;;;;;;;;;;;;;
151;745000;1047000;744000;1048000;458373,4552;5549681,831;459364,8737;5548690,467;54400;27200;28 000;26 400;;;;;;;;;;;;;;
152;745000;1048000;744000;1049000;458373,4552;5548690,467;459364,8737;5547699,103;270500;45083;35 600;142 300;10 900;38 300;30 100;13 300;;;;;;;;;;
153;745000;1049000;744000;1050000;458373,4552;5547699,103;459364,8737;5546707,739;88800;44400;49 200;39 600;;;;;;;;;;;;;;
154;745000;1050000;744000;1051000;458373,4552;5546707,739;459364,8737;5545716,375;0;0;0;;;;;;;;;;;;;;;
155;745000;1051000;744000;1052000;458373,4552;5545716,375;459364,8737;5544725,011;16400;16400;16 400;;;;;;;;;;;;;;;
156;745000;1052000;744000;1053000;458373,4552;5544725,011;459364,8737;5543733,647;264900;132450;111 900;153 000;;;;;;;;;;;;;;
157;745000;1053000;744000;1054000;458373,4552;5543733,647;459364,8737;5542742,283;0;0;0;;;;;;;;;;;;;;;
158;;12;;;;;;;0;0;0;;;;;;;;;;;;;;;
159;744000;1036000;743000;1037000;459364,8737;5560586,834;460356,2922;5559595,47;6400;6400;6 400;;;;;;;;;;;;;;;
160;744000;1037000;743000;1038000;459364,8737;5559595,47;460356,2922;5558604,107;0;0;0;;;;;;;;;;;;;;;
161;744000;1038000;743000;1039000;459364,8737;5558604,107;460356,2922;5557612,743;26900;26900;26 900;;;;;;;;;;;;;;;
162;744000;1039000;743000;1040000;459364,8737;5557612,743;460356,2922;5556621,379;17700;17700;17 700;;;;;;;;;;;;;;;
163;744000;1040000;743000;1041000;459364,8737;5556621,379;460356,2922;5555630,015;30800;30800;30 800;;;;;;;;;;;;;;;
164;744000;1041000;743000;1042000;459364,8737;5555630,015;460356,2922;5554638,651;52200;17400;10 500;22 900;18 800;;;;;;;;;;;;;
165;744000;1042000;743000;1043000;459364,8737;5554638,651;460356,2922;5553647,287;152300;30460;19 900;18 900;75 300;24 700;13 500;;;;;;;;;;;
166;744000;1043000;743000;1044000;459364,8737;5553647,287;460356,2922;5552655,923;206600;22956;18 500;21 900;12 800;9 600;17 000;21 000;40 400;51 200;14 200;;;;;;;
167;744000;1044000;743000;1045000;459364,8737;5552655,923;460356,2922;5551664,559;80700;16140;14 500;10 700;20 500;19 000;16 000;;;;;;;;;;;
168;744000;1045000;743000;1046000;459364,8737;5551664,559;460356,2922;5550673,195;401600;25100;16 500;21 700;6 600;11 500;35 300;9 900;22 600;49 200;36 300;11 400;36 100;35 700;24 100;16 400;23 300;45 000
169;744000;1046000;743000;1047000;459364,8737;5550673,195;460356,2922;5549681,831;220400;24489;23 500;24 000;9 900;15 400;8 000;17 600;29 900;59 800;32 300;;;;;;;
170;744000;1047000;743000;1048000;459364,8737;5549681,831;460356,2922;5548690,467;22000;22000;22 000;;;;;;;;;;;;;;;
171;744000;1048000;743000;1049000;459364,8737;5548690,467;460356,2922;5547699,103;23000;23000;23 000;;;;;;;;;;;;;;;
172;744000;1049000;743000;1050000;459364,8737;5547699,103;460356,2922;5546707,739;0;0;0;;;;;;;;;;;;;;;
173;744000;1050000;743000;1051000;459364,8737;5546707,739;460356,2922;5545716,375;10400;10400;10 400;;;;;;;;;;;;;;;
174;744000;1051000;743000;1052000;459364,8737;5545716,375;460356,2922;5544725,011;0;0;0;;;;;;;;;;;;;;;
175;744000;1052000;743000;1053000;459364,8737;5544725,011;460356,2922;5543733,647;0;0;0;;;;;;;;;;;;;;;
176;744000;1053000;743000;1054000;459364,8737;5543733,647;460356,2922;5542742,283;0;0;0;;;;;;;;;;;;;;;
177;;13;;;;;;;0;0;0;;;;;;;;;;;;;;;
178;743000;1036000;742000;1037000;460356,2922;5560586,834;461347,7107;5559595,47;0;0;0;;;;;;;;;;;;;;;
179;743000;1037000;742000;1038000;460356,2922;5559595,47;461347,7107;5558604,107;0;0;0;;;;;;;;;;;;;;;
180;743000;1038000;742000;1039000;460356,2922;5558604,107;461347,7107;5557612,743;12900;12900;12 900;;;;;;;;;;;;;;;
181;743000;1039000;742000;1040000;460356,2922;5557612,743;461347,7107;5556621,379;0;0;0;;;;;;;;;;;;;;;
182;743000;1040000;742000;1041000;460356,2922;5556621,379;461347,7107;5555630,015;0;0;0;;;;;;;;;;;;;;;
183;743000;1041000;742000;1042000;460356,2922;5555630,015;461347,7107;5554638,651;161500;26917;23 100;22 700;46 000;23 300;22 100;24 300;;;;;;;;;;
184;743000;1042000;742000;1043000;460356,2922;5554638,651;461347,7107;5553647,287;121300;17329;24 600;25 500;5 600;8 000;10 000;26 400;21 200;;;;;;;;;
185;743000;1043000;742000;1044000;460356,2922;5553647,287;461347,7107;5552655,923;323100;24854;34 200;19 900;30 300;55 900;7 900;13 700;18 500;103 800;9 200;5 400;7 500;5 100;11 700;;;
186;743000;1044000;742000;1045000;460356,2922;5552655,923;461347,7107;5551664,559;510500;36464;93 700;22 900;7 600;59 700;55 900;44 700;8 100;43 100;67 600;20 900;13 900;19 100;36 300;17 000;;
187;743000;1045000;742000;1046000;460356,2922;5551664,559;461347,7107;5550673,195;77000;19250;43 100;14 600;13 100;6 200;;;;;;;;;;;;
188;743000;1046000;742000;1047000;460356,2922;5550673,195;461347,7107;5549681,831;308500;38563;77 300;13 800;77 800;56 800;15 400;18 700;27 900;20 800;;;;;;;;
189;743000;1047000;742000;1048000;460356,2922;5549681,831;461347,7107;5548690,467;28500;14250;13 300;15 200;;;;;;;;;;;;;;
190;743000;1048000;742000;1049000;460356,2922;5548690,467;461347,7107;5547699,103;23000;11500;19 000;4 000;;;;;;;;;;;;;;
191;743000;1049000;742000;1050000;460356,2922;5547699,103;461347,7107;5546707,739;0;0;0;;;;;;;;;;;;;;;
192;743000;1050000;742000;1051000;460356,2922;5546707,739;461347,7107;5545716,375;74100;37050;11 600;62 500;;;;;;;;;;;;;;
193;743000;1051000;742000;1052000;460356,2922;5545716,375;461347,7107;5544725,011;0;0;0;;;;;;;;;;;;;;;
194;743000;1052000;742000;1053000;460356,2922;5544725,011;461347,7107;5543733,647;15300;15300;15 300;;;;;;;;;;;;;;;
195;743000;1053000;742000;1054000;460356,2922;5543733,647;461347,7107;5542742,283;0;0;0;;;;;;;;;;;;;;;
196;;14;;;;;;;0;0;0;;;;;;;;;;;;;;;
197;742000;1036000;741000;1037000;461347,7107;5560586,834;462339,1292;5559595,47;0;0;0;;;;;;;;;;;;;;;
198;742000;1037000;741000;1038000;461347,7107;5559595,47;462339,1292;5558604,107;38800;19400;9 700;29 100;;;;;;;;;;;;;;
199;742000;1038000;741000;1039000;461347,7107;5558604,107;462339,1292;5557612,743;75800;25267;19 300;9 800;46 700;;;;;;;;;;;;;
200;742000;1039000;741000;1040000;461347,7107;5557612,743;462339,1292;5556621,379;47500;47500;47 500;;;;;;;;;;;;;;;
201;742000;1040000;741000;1041000;461347,7107;5556621,379;462339,1292;5555630,015;173700;43425;10 600;130 000;17 200;15 900;;;;;;;;;;;;
202;742000;1041000;741000;1042000;461347,7107;5555630,015;462339,1292;5554638,651;220800;22080;24 100;26 600;28 100;15 000;23 400;8 100;6 800;12 200;29 400;47 100;;;;;;
203;742000;1042000;741000;1043000;461347,7107;5554638,651;462339,1292;5553647,287;428800;38982;35 500;21 400;105 900;28 300;21 300;13 100;93 500;4 600;5 100;17 700;82 400;;;;;
204;742000;1043000;741000;1044000;461347,7107;5553647,287;462339,1292;5552655,923;164500;18278;13 700;45 900;12 900;18 500;5 500;10 200;13 000;15 300;29 500;;;;;;;
205;742000;1044000;741000;1045000;461347,7107;5552655,923;462339,1292;5551664,559;202600;14471;13 900;19 100;9 500;18 800;20 300;7 400;13 700;7 100;5 000;4 100;21 700;15 600;26 700;19 700;;
206;742000;1045000;741000;1046000;461347,7107;5551664,559;462339,1292;5550673,195;112300;28075;11 000;29 500;55 600;16 200;;;;;;;;;;;;
207;742000;1046000;741000;1047000;461347,7107;5550673,195;462339,1292;5549681,831;700;233;300;200;200;;;;;;;;;;;;;
208;742000;1047000;741000;1048000;461347,7107;5549681,831;462339,1292;5548690,467;269400;44900;80 400;19 200;29 100;12 700;37 600;90 400;;;;;;;;;;
209;742000;1048000;741000;1049000;461347,7107;5548690,467;462339,1292;5547699,103;53100;26550;21 700;31 400;;;;;;;;;;;;;;
210;742000;1049000;741000;1050000;461347,7107;5547699,103;462339,1292;5546707,739;351600;87900;149 100;43 700;32 100;126 700;;;;;;;;;;;;
211;742000;1050000;741000;1051000;461347,7107;5546707,739;462339,1292;5545716,375;66900;33450;25 900;41 000;;;;;;;;;;;;;;
212;742000;1051000;741000;1052000;461347,7107;5545716,375;462339,1292;5544725,011;10500;10500;10 500;;;;;;;;;;;;;;;
213;742000;1052000;741000;1053000;461347,7107;5544725,011;462339,1292;5543733,647;15100;15100;15 100;;;;;;;;;;;;;;;
214;742000;1053000;741000;1054000;461347,7107;5543733,647;462339,1292;5542742,283;0;0;0;;;;;;;;;;;;;;;
215;;15;;;;;;;0;0;0;;;;;;;;;;;;;;;
216;741000;1036000;740000;1037000;462339,1292;5560586,834;463330,5477;5559595,47;0;0;0;;;;;;;;;;;;;;;
217;741000;1037000;740000;1038000;462339,1292;5559595,47;463330,5477;5558604,107;0;0;0;;;;;;;;;;;;;;;
218;741000;1038000;740000;1039000;462339,1292;5558604,107;463330,5477;5557612,743;0;0;0;;;;;;;;;;;;;;;
219;741000;1039000;740000;1040000;462339,1292;5557612,743;463330,5477;5556621,379;29100;29100;29 100;;;;;;;;;;;;;;;
220;741000;1040000;740000;1041000;462339,1292;5556621,379;463330,5477;5555630,015;89500;29833;56 500;19 500;13 500;;;;;;;;;;;;;
221;741000;1041000;740000;1042000;462339,1292;5555630,015;463330,5477;5554638,651;123200;17600;54 600;6 500;12 100;10 700;12 900;18 300;8 100;;;;;;;;;
222;741000;1042000;740000;1043000;462339,1292;5554638,651;463330,5477;5553647,287;37300;18650;19 800;17 500;;;;;;;;;;;;;;
223;741000;1043000;740000;1044000;462339,1292;5553647,287;463330,5477;5552655,923;105300;21060;13 800;13 600;33 600;25 700;18 600;;;;;;;;;;;
224;741000;1044000;740000;1045000;462339,1292;5552655,923;463330,5477;5551664,559;109200;18200;36 900;3 000;9 500;10 500;19 300;30 000;;;;;;;;;;
225;741000;1045000;740000;1046000;462339,1292;5551664,559;463330,5477;5550673,195;79500;13250;6 200;11 000;12 500;16 800;16 200;16 800;;;;;;;;;;
226;741000;1046000;740000;1047000;462339,1292;5550673,195;463330,5477;5549681,831;0;0;0;;;;;;;;;;;;;;;
227;741000;1047000;740000;1048000;462339,1292;5549681,831;463330,5477;5548690,467;53300;26650;25 200;28 100;;;;;;;;;;;;;;
228;741000;1048000;740000;1049000;462339,1292;5548690,467;463330,5477;5547699,103;116100;58050;19 800;96 300;;;;;;;;;;;;;;
229;741000;1049000;740000;1050000;462339,1292;5547699,103;463330,5477;5546707,739;0;0;0;;;;;;;;;;;;;;;
230;741000;1050000;740000;1051000;462339,1292;5546707,739;463330,5477;5545716,375;45500;45500;45 500;;;;;;;;;;;;;;;
231;741000;1051000;740000;1052000;462339,1292;5545716,375;463330,5477;5544725,011;20100;20100;20 100;;;;;;;;;;;;;;;
232;741000;1052000;740000;1053000;462339,1292;5544725,011;463330,5477;5543733,647;0;0;0;;;;;;;;;;;;;;;
233;741000;1053000;740000;1054000;462339,1292;5543733,647;463330,5477;5542742,283;27700;27700;27 700;;;;;;;;;;;;;;;
234;;16;;;;;;;0;0;0;;;;;;;;;;;;;;;
235;740000;1036000;739000;1037000;463330,5477;5560586,834;464321,9662;5559595,47;29900;29900;29 900;;;;;;;;;;;;;;;
236;740000;1037000;739000;1038000;463330,5477;5559595,47;464321,9662;5558604,107;0;0;0;;;;;;;;;;;;;;;
237;740000;1038000;739000;1039000;463330,5477;5558604,107;464321,9662;5557612,743;93000;31000;33 600;38 600;20 800;;;;;;;;;;;;;
238;740000;1039000;739000;1040000;463330,5477;5557612,743;464321,9662;5556621,379;126300;63150;116 900;9 400;;;;;;;;;;;;;;
239;740000;1040000;739000;1041000;463330,5477;5556621,379;464321,9662;5555630,015;26500;26500;26 500;;;;;;;;;;;;;;;
240;740000;1041000;739000;1042000;463330,5477;5555630,015;464321,9662;5554638,651;14800;14800;14 800;;;;;;;;;;;;;;;
241;740000;1042000;739000;1043000;463330,5477;5554638,651;464321,9662;5553647,287;45900;22950;12 300;33 600;;;;;;;;;;;;;;
242;740000;1043000;739000;1044000;463330,5477;5553647,287;464321,9662;5552655,923;122000;30500;12 200;31 000;37 700;41 100;;;;;;;;;;;;
243;740000;1044000;739000;1045000;463330,5477;5552655,923;464321,9662;5551664,559;124800;20800;25 700;17 100;15 600;28 200;20 000;18 200;;;;;;;;;;
244;740000;1045000;739000;1046000;463330,5477;5551664,559;464321,9662;5550673,195;160100;26683;31 000;8 800;38 800;17 500;20 900;43 100;;;;;;;;;;
245;740000;1046000;739000;1047000;463330,5477;5550673,195;464321,9662;5549681,831;46700;23350;24 600;22 100;;;;;;;;;;;;;;
246;740000;1047000;739000;1048000;463330,5477;5549681,831;464321,9662;5548690,467;72200;36100;18 700;53 500;;;;;;;;;;;;;;
247;740000;1048000;739000;1049000;463330,5477;5548690,467;464321,9662;5547699,103;32300;16150;2 900;29 400;;;;;;;;;;;;;;
248;740000;1049000;739000;1050000;463330,5477;5547699,103;464321,9662;5546707,739;0;0;0;;;;;;;;;;;;;;;
249;740000;1050000;739000;1051000;463330,5477;5546707,739;464321,9662;5545716,375;0;0;0;;;;;;;;;;;;;;;
250;740000;1051000;739000;1052000;463330,5477;5545716,375;464321,9662;5544725,011;32900;32900;32 900;;;;;;;;;;;;;;;
251;740000;1052000;739000;1053000;463330,5477;5544725,011;464321,9662;5543733,647;70800;35400;30 800;40 000;;;;;;;;;;;;;;
252;740000;1053000;739000;1054000;463330,5477;5543733,647;464321,9662;5542742,283;0;0;0;;;;;;;;;;;;;;;
253;;17;;;;;;;0;0;0;;;;;;;;;;;;;;;
254;739000;1036000;738000;1037000;464321,9662;5560586,834;465313,3847;5559595,47;0;0;0;;;;;;;;;;;;;;;
255;739000;1037000;738000;1038000;464321,9662;5559595,47;465313,3847;5558604,107;0;0;0;;;;;;;;;;;;;;;
256;739000;1038000;738000;1039000;464321,9662;5558604,107;465313,3847;5557612,743;36200;36200;36 200;;;;;;;;;;;;;;;
257;739000;1039000;738000;1040000;464321,9662;5557612,743;465313,3847;5556621,379;14400;14400;14 400;;;;;;;;;;;;;;;
258;739000;1040000;738000;1041000;464321,9662;5556621,379;465313,3847;5555630,015;329500;36611;20 400;25 700;121 900;22 100;35 600;19 700;18 200;16 700;49 200;;;;;;;
259;739000;1041000;738000;1042000;464321,9662;5555630,015;465313,3847;5554638,651;246600;27400;29 500;31 100;21 300;27 800;21 300;31 100;10 800;35 400;38 300;;;;;;;
260;739000;1042000;738000;1043000;464321,9662;5554638,651;465313,3847;5553647,287;17800;17800;17 800;;;;;;;;;;;;;;;
261;739000;1043000;738000;1044000;464321,9662;5553647,287;465313,3847;5552655,923;51400;25700;38 900;12 500;;;;;;;;;;;;;;
262;739000;1044000;738000;1045000;464321,9662;5552655,923;465313,3847;5551664,559;69700;23233;33 900;23 400;12 400;;;;;;;;;;;;;
263;739000;1045000;738000;1046000;464321,9662;5551664,559;465313,3847;5550673,195;80000;20000;13 900;12 800;24 600;28 700;;;;;;;;;;;;
264;739000;1046000;738000;1047000;464321,9662;5550673,195;465313,3847;5549681,831;125500;125500;125 500;;;;;;;;;;;;;;;
265;739000;1047000;738000;1048000;464321,9662;5549681,831;465313,3847;5548690,467;52600;26300;18 500;34 100;;;;;;;;;;;;;;
266;739000;1048000;738000;1049000;464321,9662;5548690,467;465313,3847;5547699,103;102300;25575;7 900;1 000;34 700;58 700;;;;;;;;;;;;
267;739000;1049000;738000;1050000;464321,9662;5547699,103;465313,3847;5546707,739;370400;92600;190 000;124 800;20 700;34 900;;;;;;;;;;;;
268;739000;1050000;738000;1051000;464321,9662;5546707,739;465313,3847;5545716,375;14700;14700;14 700;;;;;;;;;;;;;;;
269;739000;1051000;738000;1052000;464321,9662;5545716,375;465313,3847;5544725,011;44700;44700;44 700;;;;;;;;;;;;;;;
270;739000;1052000;738000;1053000;464321,9662;5544725,011;465313,3847;5543733,647;31500;31500;31 500;;;;;;;;;;;;;;;
271;;18;;;;;;;0;0;0;;;;;;;;;;;;;;;
272;738000;1036000;737000;1037000;465313,3847;5560586,834;466304,8032;5559595,47;21700;21700;21 700;;;;;;;;;;;;;;;
273;738000;1037000;737000;1038000;465313,3847;5559595,47;466304,8032;5558604,107;42900;42900;42 900;;;;;;;;;;;;;;;
274;738000;1038000;737000;1039000;465313,3847;5558604,107;466304,8032;5557612,743;25600;25600;25 600;;;;;;;;;;;;;;;
275;738000;1039000;737000;1040000;465313,3847;5557612,743;466304,8032;5556621,379;69700;23233;23 900;8 400;37 400;;;;;;;;;;;;;
276;738000;1040000;737000;1041000;465313,3847;5556621,379;466304,8032;5555630,015;0;0;0;;;;;;;;;;;;;;;
277;738000;1041000;737000;1042000;465313,3847;5555630,015;466304,8032;5554638,651;31600;15800;15 500;16 100;;;;;;;;;;;;;;
278;738000;1042000;737000;1043000;465313,3847;5554638,651;466304,8032;5553647,287;64000;21333;7 700;40 200;16 100;;;;;;;;;;;;;
279;738000;1043000;737000;1044000;465313,3847;5553647,287;466304,8032;5552655,923;14200;14200;14 200;;;;;;;;;;;;;;;
280;738000;1044000;737000;1045000;465313,3847;5552655,923;466304,8032;5551664,559;25900;12950;10 500;15 400;;;;;;;;;;;;;;
281;738000;1045000;737000;1046000;465313,3847;5551664,559;466304,8032;5550673,195;39900;19950;27 900;12 000;;;;;;;;;;;;;;
282;738000;1046000;737000;1047000;465313,3847;5550673,195;466304,8032;5549681,831;331800;66360;136 400;23 300;23 100;23 500;125 500;;;;;;;;;;;
283;738000;1047000;737000;1048000;465313,3847;5549681,831;466304,8032;5548690,467;19700;19700;19 700;;;;;;;;;;;;;;;
284;738000;1048000;737000;1049000;465313,3847;5548690,467;466304,8032;5547699,103;0;0;0;;;;;;;;;;;;;;;
285;738000;1049000;737000;1050000;465313,3847;5547699,103;466304,8032;5546707,739;64700;32350;18 100;46 600;;;;;;;;;;;;;;
286;738000;1050000;737000;1051000;465313,3847;5546707,739;466304,8032;5545716,375;49500;24750;34 700;14 800;;;;;;;;;;;;;;
287;738000;1051000;737000;1052000;465313,3847;5545716,375;466304,8032;5544725,011;164600;82300;108 000;56 600;;;;;;;;;;;;;;
288;738000;1052000;737000;1053000;465313,3847;5544725,011;466304,8032;5543733,647;0;0;0;;;;;;;;;;;;;;;
289;;19;;;;;;;0;0;0;;;;;;;;;;;;;;;
290;737000;1036000;736000;1037000;466304,8032;5560586,834;467296,2217;5559595,47;23700;23700;23 700;;;;;;;;;;;;;;;
291;737000;1037000;736000;1038000;466304,8032;5559595,47;467296,2217;5558604,107;29800;29800;29 800;;;;;;;;;;;;;;;
292;737000;1038000;736000;1039000;466304,8032;5558604,107;467296,2217;5557612,743;0;0;0;;;;;;;;;;;;;;;
293;737000;1039000;736000;1040000;466304,8032;5557612,743;467296,2217;5556621,379;67500;16875;13 400;11 600;18 000;24 500;;;;;;;;;;;;
294;737000;1040000;736000;1041000;466304,8032;5556621,379;467296,2217;5555630,015;49000;16333;15 100;12 700;21 200;;;;;;;;;;;;;
295;737000;1041000;736000;1042000;466304,8032;5555630,015;467296,2217;5554638,651;54100;27050;40 800;13 300;;;;;;;;;;;;;;
296;737000;1042000;736000;1043000;466304,8032;5554638,651;467296,2217;5553647,287;87800;43900;44 000;43 800;;;;;;;;;;;;;;
297;737000;1043000;736000;1044000;466304,8032;5553647,287;467296,2217;5552655,923;19700;19700;19 700;;;;;;;;;;;;;;;
298;737000;1044000;736000;1045000;466304,8032;5552655,923;467296,2217;5551664,559;121600;20267;11 700;11 900;23 100;15 400;31 800;27 700;;;;;;;;;;
299;737000;1045000;736000;1046000;466304,8032;5551664,559;467296,2217;5550673,195;92100;30700;14 000;27 900;50 200;;;;;;;;;;;;;
300;737000;1046000;736000;1047000;466304,8032;5550673,195;467296,2217;5549681,831;0;0;0;;;;;;;;;;;;;;;
301;737000;1047000;736000;1048000;466304,8032;5549681,831;467296,2217;5548690,467;46500;23250;18 000;28 500;;;;;;;;;;;;;;
302;737000;1048000;736000;1049000;466304,8032;5548690,467;467296,2217;5547699,103;35200;17600;15 100;20 100;;;;;;;;;;;;;;
303;737000;1049000;736000;1050000;466304,8032;5547699,103;467296,2217;5546707,739;0;0;0;;;;;;;;;;;;;;;
304;737000;1050000;736000;1051000;466304,8032;5546707,739;467296,2217;5545716,375;26100;13050;12 400;13 700;;;;;;;;;;;;;;
305;737000;1051000;736000;1052000;466304,8032;5545716,375;467296,2217;5544725,011;121900;121900;121 900;;;;;;;;;;;;;;;
306;737000;1052000;736000;1053000;466304,8032;5544725,011;467296,2217;5543733,647;0;0;0;;;;;;;;;;;;;;;
307;;20;;;;;;;0;0;0;;;;;;;;;;;;;;;
308;736000;1036000;735000;1037000;467296,2217;5560586,834;468287,6402;5559595,47;16700;16700;16 700;;;;;;;;;;;;;;;
309;736000;1037000;735000;1038000;467296,2217;5559595,47;468287,6402;5558604,107;0;0;0;;;;;;;;;;;;;;;
310;736000;1038000;735000;1039000;467296,2217;5558604,107;468287,6402;5557612,743;83100;83100;83 100;;;;;;;;;;;;;;;
311;736000;1039000;735000;1040000;467296,2217;5557612,743;468287,6402;5556621,379;142900;35725;75 900;23 000;22 800;21 200;;;;;;;;;;;;
312;736000;1040000;735000;1041000;467296,2217;5556621,379;468287,6402;5555630,015;112800;56400;99 800;13 000;;;;;;;;;;;;;;
313;736000;1041000;735000;1042000;467296,2217;5555630,015;468287,6402;5554638,651;62700;62700;62 700;;;;;;;;;;;;;;;
314;736000;1042000;735000;1043000;467296,2217;5554638,651;468287,6402;5553647,287;27900;27900;27 900;;;;;;;;;;;;;;;
315;736000;1043000;735000;1044000;467296,2217;5553647,287;468287,6402;5552655,923;36800;36800;36 800;;;;;;;;;;;;;;;
316;736000;1044000;735000;1045000;467296,2217;5552655,923;468287,6402;5551664,559;0;0;0;;;;;;;;;;;;;;;
317;736000;1045000;735000;1046000;467296,2217;5551664,559;468287,6402;5550673,195;0;0;0;;;;;;;;;;;;;;;
318;736000;1046000;735000;1047000;467296,2217;5550673,195;468287,6402;5549681,831;0;0;0;;;;;;;;;;;;;;;
319;736000;1047000;735000;1048000;467296,2217;5549681,831;468287,6402;5548690,467;49100;24550;38 000;11 100;;;;;;;;;;;;;;
320;736000;1048000;735000;1049000;467296,2217;5548690,467;468287,6402;5547699,103;0;0;0;;;;;;;;;;;;;;;
321;736000;1049000;735000;1050000;467296,2217;5547699,103;468287,6402;5546707,739;29000;29000;29 000;;;;;;;;;;;;;;;
322;736000;1050000;735000;1051000;467296,2217;5546707,739;468287,6402;5545716,375;24600;24600;24 600;;;;;;;;;;;;;;;
323;736000;1051000;735000;1052000;467296,2217;5545716,375;468287,6402;5544725,011;4400;4400;4 400;;;;;;;;;;;;;;;
324;;21;;;;;;;0;0;0;;;;;;;;;;;;;;;
325;735000;1036000;734000;1037000;468287,6402;5560586,834;469279,0587;5559595,47;20300;20300;20 300;;;;;;;;;;;;;;;
326;735000;1037000;734000;1038000;468287,6402;5559595,47;469279,0587;5558604,107;2600;2600;2 600;;;;;;;;;;;;;;;
327;735000;1038000;734000;1039000;468287,6402;5558604,107;469279,0587;5557612,743;20300;20300;20 300;;;;;;;;;;;;;;;
328;735000;1039000;734000;1040000;468287,6402;5557612,743;469279,0587;5556621,379;0;0;0;;;;;;;;;;;;;;;
329;735000;1040000;734000;1041000;468287,6402;5556621,379;469279,0587;5555630,015;0;0;0;;;;;;;;;;;;;;;
330;735000;1041000;734000;1042000;468287,6402;5555630,015;469279,0587;5554638,651;190800;63600;62 700;94 600;33 500;;;;;;;;;;;;;
331;735000;1042000;734000;1043000;468287,6402;5554638,651;469279,0587;5553647,287;127500;42500;28 200;29 300;70 000;;;;;;;;;;;;;
332;735000;1043000;734000;1044000;468287,6402;5553647,287;469279,0587;5552655,923;129800;43267;46 600;31 300;51 900;;;;;;;;;;;;;
333;735000;1044000;734000;1045000;468287,6402;5552655,923;469279,0587;5551664,559;67100;33550;50 000;17 100;;;;;;;;;;;;;;
334;735000;1045000;734000;1046000;468287,6402;5551664,559;469279,0587;5550673,195;70800;23600;18 800;35 200;16 800;;;;;;;;;;;;;
335;735000;1046000;734000;1047000;468287,6402;5550673,195;469279,0587;5549681,831;78800;39400;66 200;12 600;;;;;;;;;;;;;;
336;735000;1047000;734000;1048000;468287,6402;5549681,831;469279,0587;5548690,467;0;0;0;;;;;;;;;;;;;;;
337;735000;1048000;734000;1049000;468287,6402;5548690,467;469279,0587;5547699,103;36200;36200;36 200;;;;;;;;;;;;;;;
338;735000;1049000;734000;1050000;468287,6402;5547699,103;469279,0587;5546707,739;0;0;0;;;;;;;;;;;;;;;
339;735000;1050000;734000;1051000;468287,6402;5546707,739;469279,0587;5545716,375;36800;18400;15 400;21 400;;;;;;;;;;;;;;
340;735000;1051000;734000;1052000;468287,6402;5545716,375;469279,0587;5544725,011;0;0;0;;;;;;;;;;;;;;;
341;;22;;;;;;;0;0;0;;;;;;;;;;;;;;;
342;734000;1036000;733000;1037000;469279,0587;5560586,834;470270,4772;5559595,47;0;0;0;;;;;;;;;;;;;;;
343;734000;1037000;733000;1038000;469279,0587;5559595,47;470270,4772;5558604,107;37200;12400;17 900;7 900;11 400;;;;;;;;;;;;;
344;734000;1038000;733000;1039000;469279,0587;5558604,107;470270,4772;5557612,743;117600;117600;117 600;;;;;;;;;;;;;;;
345;734000;1039000;733000;1040000;469279,0587;5557612,743;470270,4772;5556621,379;126500;63250;104 400;22 100;;;;;;;;;;;;;;
346;734000;1040000;733000;1041000;469279,0587;5556621,379;470270,4772;5555630,015;0;0;0;;;;;;;;;;;;;;;
347;734000;1041000;733000;1042000;469279,0587;5555630,015;470270,4772;5554638,651;0;0;0;;;;;;;;;;;;;;;
348;734000;1042000;733000;1043000;469279,0587;5554638,651;470270,4772;5553647,287;45900;22950;23 300;22 600;;;;;;;;;;;;;;
349;734000;1043000;733000;1044000;469279,0587;5553647,287;470270,4772;5552655,923;10900;10900;10 900;;;;;;;;;;;;;;;
350;734000;1044000;733000;1045000;469279,0587;5552655,923;470270,4772;5551664,559;22500;22500;22 500;;;;;;;;;;;;;;;
351;734000;1045000;733000;1046000;469279,0587;5551664,559;470270,4772;5550673,195;12000;12000;12 000;;;;;;;;;;;;;;;
352;734000;1046000;733000;1047000;469279,0587;5550673,195;470270,4772;5549681,831;0;0;0;;;;;;;;;;;;;;;
353;734000;1047000;733000;1048000;469279,0587;5549681,831;470270,4772;5548690,467;35500;17750;28 300;7 200;;;;;;;;;;;;;;
354;734000;1048000;733000;1049000;469279,0587;5548690,467;470270,4772;5547699,103;62100;20700;13 200;19 400;29 500;;;;;;;;;;;;;
355;734000;1049000;733000;1050000;469279,0587;5547699,103;470270,4772;5546707,739;0;0;0;;;;;;;;;;;;;;;
356;734000;1050000;733000;1051000;469279,0587;5546707,739;470270,4772;5545716,375;18200;18200;18 200;;;;;;;;;;;;;;;
357;734000;1051000;733000;1052000;469279,0587;5545716,375;470270,4772;5544725,011;26100;26100;26 100;;;;;;;;;;;;;;;
358;;23;;;;;;;0;0;0;;;;;;;;;;;;;;;
359;733000;1036000;732000;1037000;470270,4772;5560586,834;471261,8957;5559595,47;0;0;0;;;;;;;;;;;;;;;
360;733000;1037000;732000;1038000;470270,4772;5559595,47;471261,8957;5558604,107;0;0;0;;;;;;;;;;;;;;;
361;733000;1038000;732000;1039000;470270,4772;5558604,107;471261,8957;5557612,743;0;0;0;;;;;;;;;;;;;;;
362;733000;1039000;732000;1040000;470270,4772;5557612,743;471261,8957;5556621,379;21600;21600;21 600;;;;;;;;;;;;;;;
363;733000;1040000;732000;1041000;470270,4772;5556621,379;471261,8957;5555630,015;25600;25600;25 600;;;;;;;;;;;;;;;
364;733000;1041000;732000;1042000;470270,4772;5555630,015;471261,8957;5554638,651;0;0;0;;;;;;;;;;;;;;;
365;733000;1042000;732000;1043000;470270,4772;5554638,651;471261,8957;5553647,287;112000;37333;50 200;47 200;14 600;;;;;;;;;;;;;
366;733000;1043000;732000;1044000;470270,4772;5553647,287;471261,8957;5552655,923;0;0;0;;;;;;;;;;;;;;;
367;733000;1044000;732000;1045000;470270,4772;5552655,923;471261,8957;5551664,559;26600;26600;26 600;;;;;;;;;;;;;;;
368;733000;1045000;732000;1046000;470270,4772;5551664,559;471261,8957;5550673,195;800;800;800;;;;;;;;;;;;;;;
369;733000;1046000;732000;1047000;470270,4772;5550673,195;471261,8957;5549681,831;0;0;0;;;;;;;;;;;;;;;
370;733000;1047000;732000;1048000;470270,4772;5549681,831;471261,8957;5548690,467;0;0;0;;;;;;;;;;;;;;;
371;733000;1048000;732000;1049000;470270,4772;5548690,467;471261,8957;5547699,103;0;0;0;;;;;;;;;;;;;;;
372;733000;1049000;732000;1050000;470270,4772;5547699,103;471261,8957;5546707,739;0;0;0;;;;;;;;;;;;;;;
373;733000;1050000;732000;1051000;470270,4772;5546707,739;471261,8957;5545716,375;0;0;0;;;;;;;;;;;;;;;
374;733000;1051000;732000;1052000;470270,4772;5545716,375;471261,8957;5544725,011;27500;27500;27 500;;;;;;;;;;;;;;;
375;;24;;;;;;;0;0;0;;;;;;;;;;;;;;;
376;732000;1036000;731000;1037000;471261,8957;5560586,834;472253,3142;5559595,47;0;0;0;;;;;;;;;;;;;;;
377;732000;1037000;731000;1038000;471261,8957;5559595,47;472253,3142;5558604,107;0;0;0;;;;;;;;;;;;;;;
378;732000;1038000;731000;1039000;471261,8957;5558604,107;472253,3142;5557612,743;0;0;0;;;;;;;;;;;;;;;
379;732000;1039000;731000;1040000;471261,8957;5557612,743;472253,3142;5556621,379;0;0;0;;;;;;;;;;;;;;;
380;732000;1040000;731000;1041000;471261,8957;5556621,379;472253,3142;5555630,015;3100;3100;3 100;;;;;;;;;;;;;;;
381;732000;1041000;731000;1042000;471261,8957;5555630,015;472253,3142;5554638,651;0;0;0;;;;;;;;;;;;;;;
382;732000;1042000;731000;1043000;471261,8957;5554638,651;472253,3142;5553647,287;15700;15700;15 700;;;;;;;;;;;;;;;
383;732000;1043000;731000;1044000;471261,8957;5553647,287;472253,3142;5552655,923;0;0;0;;;;;;;;;;;;;;;
384;732000;1044000;731000;1045000;471261,8957;5552655,923;472253,3142;5551664,559;0;0;0;;;;;;;;;;;;;;;
385;732000;1045000;731000;1046000;471261,8957;5551664,559;472253,3142;5550673,195;25700;25700;25 700;;;;;;;;;;;;;;;
386;732000;1046000;731000;1047000;471261,8957;5550673,195;472253,3142;5549681,831;0;0;0;;;;;;;;;;;;;;;
387;732000;1047000;731000;1048000;471261,8957;5549681,831;472253,3142;5548690,467;0;0;0;;;;;;;;;;;;;;;
388;732000;1048000;731000;1049000;471261,8957;5548690,467;472253,3142;5547699,103;72500;24167;18 700;9 100;44 700;;;;;;;;;;;;;
389;732000;1049000;731000;1050000;471261,8957;5547699,103;472253,3142;5546707,739;0;0;0;;;;;;;;;;;;;;;
390;;25;;;;;;;0;0;0;;;;;;;;;;;;;;;
391;731000;1037000;730000;1038000;472253,3142;5559595,47;473244,7327;5558604,107;12700;12700;12 700;;;;;;;;;;;;;;;
392;731000;1038000;730000;1039000;472253,3142;5558604,107;473244,7327;5557612,743;0;0;0;;;;;;;;;;;;;;;
393;731000;1039000;730000;1040000;472253,3142;5557612,743;473244,7327;5556621,379;0;0;0;;;;;;;;;;;;;;;
394;731000;1040000;730000;1041000;472253,3142;5556621,379;473244,7327;5555630,015;170800;85400;59 600;111 200;;;;;;;;;;;;;;
395;731000;1041000;730000;1042000;472253,3142;5555630,015;473244,7327;5554638,651;123900;41300;44 100;18 200;61 600;;;;;;;;;;;;;
396;731000;1042000;730000;1043000;472253,3142;5554638,651;473244,7327;5553647,287;4900;4900;4 900;;;;;;;;;;;;;;;
397;731000;1043000;730000;1044000;472253,3142;5553647,287;473244,7327;5552655,923;0;0;0;;;;;;;;;;;;;;;
398;731000;1044000;730000;1045000;472253,3142;5552655,923;473244,7327;5551664,559;49500;49500;49 500;;;;;;;;;;;;;;;
399;731000;1045000;730000;1046000;472253,3142;5551664,559;473244,7327;5550673,195;0;0;0;;;;;;;;;;;;;;;
400;731000;1046000;730000;1047000;472253,3142;5550673,195;473244,7327;5549681,831;15700;15700;15 700;;;;;;;;;;;;;;;
401;731000;1047000;730000;1048000;472253,3142;5549681,831;473244,7327;5548690,467;0;0;0;;;;;;;;;;;;;;;
402;731000;1048000;730000;1049000;472253,3142;5548690,467;473244,7327;5547699,103;0;0;0;;;;;;;;;;;;;;;
403;731000;1049000;730000;1050000;472253,3142;5547699,103;473244,7327;5546707,739;21800;21800;21 800;;;;;;;;;;;;;;;
404;731000;1050000;730000;1051000;472253,3142;5546707,739;473244,7327;5545716,375;44500;22250;24 700;19 800;;;;;;;;;;;;;;
;;;;;;;;;;;;;;;;;;;;;;;;;;
;;;;;;;;;;;;;;;;;;;;;;;;;;
;;;;;;;;;;;;;;;;;;;;;;;;;;
;;;;;;;;;;;;;;;;;;;;;;;;;;
;;;;;;;;;;;;;;;;;;;;;;;;;;
;;;;;;;;;;;;;;;;;;;;;;;;;;
;;;;;;;;;;;;;;;;;;;;;;;;;;
;;;;;;;;;;;;;;;;;;;;;;;;;;
;;;;;;;;;;;;;;;;;;;;;;;;;;
;;;;;;;;;;;;;;;;;;;;;;;;;;
;;;;;;;;;;;;;;;;;;;;;;;;;;
;;;;;;;;;;;;;;;;;;;;;;;;;;
;;;;;;;;;;;;;;;;;;;;;;;;;;
;;;;;;;;;;;;;;;;;;;;;;;;;;
;;;;;;;;;;;;;;;;;;;;;;;;;;
;;;;;;;;;;;;;;;;;;;;;;;;;;
;;;;;;;;;;;;;;;;;;;;;;;;;;
;;;;;;;;;;;;;;;;;;;;;;;;;;
;;;;;;;;;;;;;;;;;;;;;;;;;;
;;;;;;;;;;;;;;;;;;;;;;;;;;
;;;;;;;;;;;;;;;;;;;;;;;;;;
;;;;;;;;;;;;;;;;;;;;;;;;;;
;;;;;;;;;;;;;;;;;;;;;;;;;;
;;;;;;;;;;;;;;;;;;;;;;;;;;
;;;;;;;;;;;;;;;;;;;;;;;;;;
;;;;;;;;;;;;;;;;;;;;;;;;;;
;;;;;;;;;;;;;;;;;;;;;;;;;;
;;;;;;;;;;;;;;;;;;;;;;;;;;
;;;;;;;;;;;;;;;;;;;;;;;;;;
;;;;;;;;;;;;;;;;;;;;;;;;;;
;;;;;;;;;;;;;;;;;;;;;;;;;;
;;;;;;;;;;;;;;;;;;;;;;;;;;
;;;;;;;;;;;;;;;;;;;;;;;;;;
;;;;;;;;;;;;;;;;;;;;;;;;;;
;;;;;;;;;;;;;;;;;;;;;;;;;;
;;;;;;;;;;;;;;;;;;;;;;;;;;
;;;;;;;;;;;;;;;;;;;;;;;;;;
;;;;;;;;;;;;;;;;;;;;;;;;;;
;;;;;;;;;;;;;;;;;;;;;;;;;;
;;;;;;;;;;;;;;;;;;;;;;;;;;
;;;;;;;;;;;;;;;;;;;;;;;;;;
;;;;;;;;;;;;;;;;;;;;;;;;;;
;;;;;;;;;;;;;;;;;;;;;;;;;;
;;;;;;;;;;;;;;;;;;;;;;;;;;
;;;;;;;;;;;;;;;;;;;;;;;;;;
;;;;;;;;;;;;;;;;;;;;;;;;;;
;;;;;;;;;;;;;;;;;;;;;;;;;;
;;;;;;;;;;;;;;;;;;;;;;;;;;
;;;;;;;;;;;;;;;;;;;;;;;;;;
;;;;;;;;;;;;;;;;;;;;;;;;;;
;;;;;;;;;;;;;;;;;;;;;;;;;;
;;;;;;;;;;;;;;;;;;;;;;;;;;
;;;;;;;;;;;;;;;;;;;;;;;;;;
;;;;;;;;;;;;;;;;;;;;;;;;;;
;;;;;;;;;;;;;;;;;;;;;;;;;;
;;;;;;;;;;;;;;;;;;;;;;;;;;
;;;;;;;;;;;;;;;;;;;;;;;;;;
;;;;;;;;;;;;;;;;;;;;;;;;;;
;;;;;;;;;;;;;;;;;;;;;;;;;;
;;;;;;;;;;;;;;;;;;;;;;;;;;
;;;;;;;;;;;;;;;;;;;;;;;;;;
;;;;;;;;;;;;;;;;;;;;;;;;;;
;;;;;;;;;;;;;;;;;;;;;;;;;;
;;;;;;;;;;;;;;;;;;;;;;;;;;
;;;;;;;;;;;;;;;;;;;;;;;;;;
;;;;;;;;;;;;;;;;;;;;;;;;;;
;;;;;;;;;;;;;;;;;;;;;;;;;;
;;;;;;;;;;;;;;;;;;;;;;;;;;
;;;;;;;;;;;;;;;;;;;;;;;;;;
;;;;;;;;;;;;;;;;;;;;;;;;;;
;;;;;;;;;;;;;;;;;;;;;;;;;;
;;;;;;;;;;;;;;;;;;;;;;;;;;
;;;;;;;;;;;;;;;;;;;;;;;;;;
;;;;;;;;;;;;;;;;;;;;;;;;;;
;;;;;;;;;;;;;;;;;;;;;;;;;;
;;;;;;;;;;;;;;;;;;;;;;;;;;
;;;;;;;;;;;;;;;;;;;;;;;;;;
;;;;;;;;;;;;;;;;;;;;;;;;;;
;;;;;;;;;;;;;;;;;;;;;;;;;;
;;;;;;;;;;;;;;;;;;;;;;;;;;
;;;;;;;;;;;;;;;;;;;;;;;;;;
;;;;;;;;;;;;;;;;;;;;;;;;;;
;;;;;;;;;;;;;;;;;;;;;;;;;;
;;;;;;;;;;;;;;;;;;;;;;;;;;
;;;;;;;;;;;;;;;;;;;;;;;;;;
;;;;;;;;;;;;;;;;;;;;;;;;;;
;;;;;;;;;;;;;;;;;;;;;;;;;;
;;;;;;;;;;;;;;;;;;;;;;;;;;
;;;;;;;;;;;;;;;;;;;;;;;;;;
;;;;;;;;;;;;;;;;;;;;;;;;;;
;;;;;;;;;;;;;;;;;;;;;;;;;;
;;;;;;;;;;;;;;;;;;;;;;;;;;
;;;;;;;;;;;;;;;;;;;;;;;;;;
;;;;;;;;;;;;;;;;;;;;;;;;;;
;;;;;;;;;;;;;;;;;;;;;;;;;;
;;;;;;;;;;;;;;;;;;;;;;;;;;
;;;;;;;;;;;;;;;;;;;;;;;;;;
;;;;;;;;;;;;;;;;;;;;;;;;;;
;;;;;;;;;;;;;;;;;;;;;;;;;;
;;;;;;;;;;;;;;;;;;;;;;;;;;
;;;;;;;;;;;;;;;;;;;;;;;;;;
;;;;;;;;;;;;;;;;;;;;;;;;;;
;;;;;;;;;;;;;;;;;;;;;;;;;;
;;;;;;;;;;;;;;;;;;;;;;;;;;
;;;;;;;;;;;;;;;;;;;;;;;;;;
;;;;;;;;;;;;;;;;;;;;;;;;;;
;;;;;;;;;;;;;;;;;;;;;;;;;;
;;;;;;;;;;;;;;;;;;;;;;;;;;
;;;;;;;;;;;;;;;;;;;;;;;;;;
;;;;;;;;;;;;;;;;;;;;;;;;;;
;;;;;;;;;;;;;;;;;;;;;;;;;;
;;;;;;;;;;;;;;;;;;;;;;;;;;
;;;;;;;;;;;;;;;;;;;;;;;;;;
;;;;;;;;;;;;;;;;;;;;;;;;;;
;;;;;;;;;;;;;;;;;;;;;;;;;;
;;;;;;;;;;;;;;;;;;;;;;;;;;
;;;;;;;;;;;;;;;;;;;;;;;;;;
;;;;;;;;;;;;;;;;;;;;;;;;;;
;;;;;;;;;;;;;;;;;;;;;;;;;;
;;;;;;;;;;;;;;;;;;;;;;;;;;
;;;;;;;;;;;;;;;;;;;;;;;;;;
;;;;;;;;;;;;;;;;;;;;;;;;;;
;;;;;;;;;;;;;;;;;;;;;;;;;;
;;;;;;;;;;;;;;;;;;;;;;;;;;
;;;;;;;;;;0;0;;;;;;;;;;;;;;;
;;;;;;;;;;0;0;;;;;;;;;;;;;;;
;;;;;;;;;;0;0;;;;;;;;;;;;;;;
;;;;;;;;;;0;0;;;;;;;;;;;;;;;
;;;;;;;;;;0;0;;;;;;;;;;;;;;;
;;;;;;;;;;0;0;;;;;;;;;;;;;;;
;;;;;;;;;;0;0;;;;;;;;;;;;;;;
;;;;;;;;;;0;0;;;;;;;;;;;;;;;
;;;;;;;;;;0;0;;;;;;;;;;;;;;;
;;;;;;;;;;0;0;;;;;;;;;;;;;;;
;;;;;;;;;;0;0;;;;;;;;;;;;;;;
;;;;;;;;;;0;0;;;;;;;;;;;;;;;
;;;;;;;;;;0;0;;;;;;;;;;;;;;;
;;;;;;;;;;0;0;;;;;;;;;;;;;;;
;;;;;;;;;;0;0;;;;;;;;;;;;;;;
;;;;;;;;;;0;0;;;;;;;;;;;;;;;
;;;;;;;;;;0;0;;;;;;;;;;;;;;;
;;;;;;;;;;0;0;;;;;;;;;;;;;;;
;;;;;;;;;;0;0;;;;;;;;;;;;;;;
;;;;;;;;;;0;0;;;;;;;;;;;;;;;
;;;;;;;;;;0;0;;;;;;;;;;;;;;;
;;;;;;;;;;0;0;;;;;;;;;;;;;;;
;;;;;;;;;;0;0;;;;;;;;;;;;;;;
;;;;;;;;;;0;0;;;;;;;;;;;;;;;
;;;;;;;;;;0;0;;;;;;;;;;;;;;;
;;;;;;;;;;0;0;;;;;;;;;;;;;;;
;;;;;;;;;;0;0;;;;;;;;;;;;;;;
;;;;;;;;;;0;0;;;;;;;;;;;;;;;
;;;;;;;;;;0;0;;;;;;;;;;;;;;;
;;;;;;;;;;0;0;;;;;;;;;;;;;;;
;;;;;;;;;;0;0;;;;;;;;;;;;;;;
;;;;;;;;;;0;0;;;;;;;;;;;;;;;
;;;;;;;;;;0;0;;;;;;;;;;;;;;;
;;;;;;;;;;0;0;;;;;;;;;;;;;;;
;;;;;;;;;;0;0;;;;;;;;;;;;;;;
;;;;;;;;;;0;0;;;;;;;;;;;;;;;
;;;;;;;;;;0;0;;;;;;;;;;;;;;;
;;;;;;;;;;0;0;;;;;;;;;;;;;;;
;;;;;;;;;;;0;;;;;;;;;;;;;;;
;;;;;;;;;;;0;;;;;;;;;;;;;;;
;;;;;;;;;;;0;;;;;;;;;;;;;;;
;;;;;;;;;;;0;;;;;;;;;;;;;;;
;;;;;;;;;;;0;;;;;;;;;;;;;;;
;;;;;;;;;;;0;;;;;;;;;;;;;;;
;;;;;;;;;;;0;;;;;;;;;;;;;;;
;;;;;;;;;;;0;;;;;;;;;;;;;;;
;;;;;;;;;;;0;;;;;;;;;;;;;;;
;;;;;;;;;;;0;;;;;;;;;;;;;;;
;;;;;;;;;;;0;;;;;;;;;;;;;;;
;;;;;;;;;;;0;;;;;;;;;;;;;;;
;;;;;;;;;;;0;;;;;;;;;;;;;;;
;;;;;;;;;;;0;;;;;;;;;;;;;;;
;;;;;;;;;;;0;;;;;;;;;;;;;;;
;;;;;;;;;;;0;;;;;;;;;;;;;;;
;;;;;;;;;;;0;;;;;;;;;;;;;;;
;;;;;;;;;;;0;;;;;;;;;;;;;;;
;;;;;;;;;;;0;;;;;;;;;;;;;;;
;;;;;;;;;;;0;;;;;;;;;;;;;;;
;;;;;;;;;;;0;;;;;;;;;;;;;;;
;;;;;;;;;;;0;;;;;;;;;;;;;;;
;;;;;;;;;;;0;;;;;;;;;;;;;;;
;;;;;;;;;;;0;;;;;;;;;;;;;;;
;;;;;;;;;;;0;;;;;;;;;;;;;;;
;;;;;;;;;;;0;;;;;;;;;;;;;;;
;;;;;;;;;;;0;;;;;;;;;;;;;;;
;;;;;;;;;;;0;;;;;;;;;;;;;;;
;;;;;;;;;;;0;;;;;;;;;;;;;;;
;;;;;;;;;;;0;;;;;;;;;;;;;;;
;;;;;;;;;;;0;;;;;;;;;;;;;;;
;;;;;;;;;;;0;;;;;;;;;;;;;;;
;;;;;;;;;;;0;;;;;;;;;;;;;;;
;;;;;;;;;;;0;;;;;;;;;;;;;;;
;;;;;;;;;;;0;;;;;;;;;;;;;;;
;;;;;;;;;;;0;;;;;;;;;;;;;;;
;;;;;;;;;;;0;;;;;;;;;;;;;;;
;;;;;;;;;;;0;;;;;;;;;;;;;;;
;;;;;;;;;;;0;;;;;;;;;;;;;;;
;;;;;;;;;;;0;;;;;;;;;;;;;;;
;;;;;;;;;;;0;;;;;;;;;;;;;;;
;;;;;;;;;;;0;;;;;;;;;;;;;;;
;;;;;;;;;;;0;;;;;;;;;;;;;;;
;;;;;;;;;;;0;;;;;;;;;;;;;;;
;;;;;;;;;;;0;;;;;;;;;;;;;;;
;;;;;;;;;;;0;;;;;;;;;;;;;;;
;;;;;;;;;;;0;;;;;;;;;;;;;;;
;;;;;;;;;;;0;;;;;;;;;;;;;;;
;;;;;;;;;;;0;;;;;;;;;;;;;;;
;;;;;;;;;;;0;;;;;;;;;;;;;;;
;;;;;;;;;;;0;;;;;;;;;;;;;;;
;;;;;;;;;;;0;;;;;;;;;;;;;;;
;;;;;;;;;;;0;;;;;;;;;;;;;;;
;;;;;;;;;;;0;;;;;;;;;;;;;;;
;;;;;;;;;;;0;;;;;;;;;;;;;;;
;;;;;;;;;;;0;;;;;;;;;;;;;;;
;;;;;;;;;;;0;;;;;;;;;;;;;;;
;;;;;;;;;;;0;;;;;;;;;;;;;;;
;;;;;;;;;;;0;;;;;;;;;;;;;;;
;;;;;;;;;;;0;;;;;;;;;;;;;;;
;;;;;;;;;;;0;;;;;;;;;;;;;;;
;;;;;;;;;;;0;;;;;;;;;;;;;;;
;;;;;;;;;;;0;;;;;;;;;;;;;;;
;;;;;;;;;;;0;;;;;;;;;;;;;;;
;;;;;;;;;;;0;;;;;;;;;;;;;;;
;;;;;;;;;;;0;;;;;;;;;;;;;;;
;;;;;;;;;;;0;;;;;;;;;;;;;;;
;;;;;;;;;;;0;;;;;;;;;;;;;;;
;;;;;;;;;;;0;;;;;;;;;;;;;;;
;;;;;;;;;;;0;;;;;;;;;;;;;;;
;;;;;;;;;;;0;;;;;;;;;;;;;;;
;;;;;;;;;;;0;;;;;;;;;;;;;;;
;;;;;;;;;;;0;;;;;;;;;;;;;;;
;;;;;;;;;;;0;;;;;;;;;;;;;;;
;;;;;;;;;;;0;;;;;;;;;;;;;;;
;;;;;;;;;;;0;;;;;;;;;;;;;;;
;;;;;;;;;;;0;;;;;;;;;;;;;;;
;;;;;;;;;;;0;;;;;;;;;;;;;;;
;;;;;;;;;;;0;;;;;;;;;;;;;;;
;;;;;;;;;;;0;;;;;;;;;;;;;;;
;;;;;;;;;;;0;;;;;;;;;;;;;;;
;;;;;;;;;;;0;;;;;;;;;;;;;;;
;;;;;;;;;;;0;;;;;;;;;;;;;;;
;;;;;;;;;;;0;;;;;;;;;;;;;;;
;;;;;;;;;;;0;;;;;;;;;;;;;;;
;;;;;;;;;;;0;;;;;;;;;;;;;;;
;;;;;;;;;;;0;;;;;;;;;;;;;;;
;;;;;;;;;;;0;;;;;;;;;;;;;;;
;;;;;;;;;;;0;;;;;;;;;;;;;;;
;;;;;;;;;;;0;;;;;;;;;;;;;;;
;;;;;;;;;;;0;;;;;;;;;;;;;;;
;;;;;;;;;;;0;;;;;;;;;;;;;;;
;;;;;;;;;;;0;;;;;;;;;;;;;;;
;;;;;;;;;;;0;;;;;;;;;;;;;;;
;;;;;;;;;;;0;;;;;;;;;;;;;;;
;;;;;;;;;;;0;;;;;;;;;;;;;;;
;;;;;;;;;;;0;;;;;;;;;;;;;;;
;;;;;;;;;;;0;;;;;;;;;;;;;;;
;;;;;;;;;;;0;;;;;;;;;;;;;;;
;;;;;;;;;;;0;;;;;;;;;;;;;;;
;;;;;;;;;;;0;;;;;;;;;;;;;;;
;;;;;;;;;;;0;;;;;;;;;;;;;;;
;;;;;;;;;;;0;;;;;;;;;;;;;;;
;;;;;;;;;;;0;;;;;;;;;;;;;;;
;;;;;;;;;;;0;;;;;;;;;;;;;;;
;;;;;;;;;;;0;;;;;;;;;;;;;;;
;;;;;;;;;;;0;;;;;;;;;;;;;;;
;;;;;;;;;;;0;;;;;;;;;;;;;;;
;;;;;;;;;;;0;;;;;;;;;;;;;;;
;;;;;;;;;;;0;;;;;;;;;;;;;;;
;;;;;;;;;;;0;;;;;;;;;;;;;;;
;;;;;;;;;;;0;;;;;;;;;;;;;;;
;;;;;;;;;;;0;;;;;;;;;;;;;;;
;;;;;;;;;;;0;;;;;;;;;;;;;;;
;;;;;;;;;;;0;;;;;;;;;;;;;;;
;;;;;;;;;;;0;;;;;;;;;;;;;;;
;;;;;;;;;;;0;;;;;;;;;;;;;;;
;;;;;;;;;;;0;;;;;;;;;;;;;;;
;;;;;;;;;;;0;;;;;;;;;;;;;;;
;;;;;;;;;;;0;;;;;;;;;;;;;;;
;;;;;;;;;;;0;;;;;;;;;;;;;;;
;;;;;;;;;;;0;;;;;;;;;;;;;;;
;;;;;;;;;;;0;;;;;;;;;;;;;;;
;;;;;;;;;;;0;;;;;;;;;;;;;;;
;;;;;;;;;;;0;;;;;;;;;;;;;;;
;;;;;;;;;;;0;;;;;;;;;;;;;;;
;;;;;;;;;;;0;;;;;;;;;;;;;;;
;;;;;;;;;;;0;;;;;;;;;;;;;;;
;;;;;;;;;;;0;;;;;;;;;;;;;;;
;;;;;;;;;;;0;;;;;;;;;;;;;;;
;;;;;;;;;;;0;;;;;;;;;;;;;;;
;;;;;;;;;;;0;;;;;;;;;;;;;;;
;;;;;;;;;;;0;;;;;;;;;;;;;;;
;;;;;;;;;;;0;;;;;;;;;;;;;;;
;;;;;;;;;;;0;;;;;;;;;;;;;;;
;;;;;;;;;;;0;;;;;;;;;;;;;;;
;;;;;;;;;;;0;;;;;;;;;;;;;;;
;;;;;;;;;;;0;;;;;;;;;;;;;;;
;;;;;;;;;;;0;;;;;;;;;;;;;;;
;;;;;;;;;;;0;;;;;;;;;;;;;;;
;;;;;;;;;;;0;;;;;;;;;;;;;;;
;;;;;;;;;;;0;;;;;;;;;;;;;;;
;;;;;;;;;;;0;;;;;;;;;;;;;;;
;;;;;;;;;;;0;;;;;;;;;;;;;;;
;;;;;;;;;;;0;;;;;;;;;;;;;;;
;;;;;;;;;;;0;;;;;;;;;;;;;;;
;;;;;;;;;;;0;;;;;;;;;;;;;;;
;;;;;;;;;;;0;;;;;;;;;;;;;;;
;;;;;;;;;;;0;;;;;;;;;;;;;;;
;;;;;;;;;;;0;;;;;;;;;;;;;;;
;;;;;;;;;;;0;;;;;;;;;;;;;;;
;;;;;;;;;;;0;;;;;;;;;;;;;;;
;;;;;;;;;;;0;;;;;;;;;;;;;;;
;;;;;;;;;;;0;;;;;;;;;;;;;;;
;;;;;;;;;;;0;;;;;;;;;;;;;;;
;;;;;;;;;;;0;;;;;;;;;;;;;;;
;;;;;;;;;;;0;;;;;;;;;;;;;;;
;;;;;;;;;;;0;;;;;;;;;;;;;;;
;;;;;;;;;;;0;;;;;;;;;;;;;;;
;;;;;;;;;;;0;;;;;;;;;;;;;;;
;;;;;;;;;;;0;;;;;;;;;;;;;;;
;;;;;;;;;;;0;;;;;;;;;;;;;;;
;;;;;;;;;;;0;;;;;;;;;;;;;;;
;;;;;;;;;;;0;;;;;;;;;;;;;;;
;;;;;;;;;;;0;;;;;;;;;;;;;;;
;;;;;;;;;;;0;;;;;;;;;;;;;;;
;;;;;;;;;;;0;;;;;;;;;;;;;;;
;;;;;;;;;;;0;;;;;;;;;;;;;;;
;;;;;;;;;;;0;;;;;;;;;;;;;;;
;;;;;;;;;;;0;;;;;;;;;;;;;;;
;;;;;;;;;;;0;;;;;;;;;;;;;;;
;;;;;;;;;;;0;;;;;;;;;;;;;;;
;;;;;;;;;;;0;;;;;;;;;;;;;;;
;;;;;;;;;;;0;;;;;;;;;;;;;;;
;;;;;;;;;;;0;;;;;;;;;;;;;;;
;;;;;;;;;;;0;;;;;;;;;;;;;;;
;;;;;;;;;;;0;;;;;;;;;;;;;;;
;;;;;;;;;;;0;;;;;;;;;;;;;;;
;;;;;;;;;;;0;;;;;;;;;;;;;;;
;;;;;;;;;;;0;;;;;;;;;;;;;;;
;;;;;;;;;;;0;;;;;;;;;;;;;;;
;;;;;;;;;;;0;;;;;;;;;;;;;;;
;;;;;;;;;;;0;;;;;;;;;;;;;;;
;;;;;;;;;;;0;;;;;;;;;;;;;;;
;;;;;;;;;;;0;;;;;;;;;;;;;;;
;;;;;;;;;;;0;;;;;;;;;;;;;;;
;;;;;;;;;;;0;;;;;;;;;;;;;;;
;;;;;;;;;;;0;;;;;;;;;;;;;;;
;;;;;;;;;;;0;;;;;;;;;;;;;;;
;;;;;;;;;;;0;;;;;;;;;;;;;;;
;;;;;;;;;;;0;;;;;;;;;;;;;;;
;;;;;;;;;;;0;;;;;;;;;;;;;;;
;;;;;;;;;;;0;;;;;;;;;;;;;;;
;;;;;;;;;;;0;;;;;;;;;;;;;;;
;;;;;;;;;;;0;;;;;;;;;;;;;;;
;;;;;;;;;;;0;;;;;;;;;;;;;;;
;;;;;;;;;;;0;;;;;;;;;;;;;;;
;;;;;;;;;;;0;;;;;;;;;;;;;;;
;;;;;;;;;;;0;;;;;;;;;;;;;;;
;;;;;;;;;;;0;;;;;;;;;;;;;;;
;;;;;;;;;;;0;;;;;;;;;;;;;;;
;;;;;;;;;;;0;;;;;;;;;;;;;;;
;;;;;;;;;;;0;;;;;;;;;;;;;;;
;;;;;;;;;;;0;;;;;;;;;;;;;;;
;;;;;;;;;;;0;;;;;;;;;;;;;;;
;;;;;;;;;;;0;;;;;;;;;;;;;;;
;;;;;;;;;;;0;;;;;;;;;;;;;;;
;;;;;;;;;;;0;;;;;;;;;;;;;;;
;;;;;;;;;;;0;;;;;;;;;;;;;;;
;;;;;;;;;;;0;;;;;;;;;;;;;;;
;;;;;;;;;;;0;;;;;;;;;;;;;;;
;;;;;;;;;;;0;;;;;;;;;;;;;;;
;;;;;;;;;;;0;;;;;;;;;;;;;;;
;;;;;;;;;;;0;;;;;;;;;;;;;;;
;;;;;;;;;;;0;;;;;;;;;;;;;;;
;;;;;;;;;;;0;;;;;;;;;;;;;;;
;;;;;;;;;;;0;;;;;;;;;;;;;;;
;;;;;;;;;;;0;;;;;;;;;;;;;;;
;;;;;;;;;;;0;;;;;;;;;;;;;;;
;;;;;;;;;;;0;;;;;;;;;;;;;;;
;;;;;;;;;;;0;;;;;;;;;;;;;;;
;;;;;;;;;;;0;;;;;;;;;;;;;;;
;;;;;;;;;;;0;;;;;;;;;;;;;;;
;;;;;;;;;;;0;;;;;;;;;;;;;;;
;;;;;;;;;;;0;;;;;;;;;;;;;;;
;;;;;;;;;;;0;;;;;;;;;;;;;;;
;;;;;;;;;;;0;;;;;;;;;;;;;;;
;;;;;;;;;;;0;;;;;;;;;;;;;;;
;;;;;;;;;;;0;;;;;;;;;;;;;;;
;;;;;;;;;;;0;;;;;;;;;;;;;;;
;;;;;;;;;;;0;;;;;;;;;;;;;;;
;;;;;;;;;;;0;;;;;;;;;;;;;;;
;;;;;;;;;;;0;;;;;;;;;;;;;;;
;;;;;;;;;;;0;;;;;;;;;;;;;;;
;;;;;;;;;;;0;;;;;;;;;;;;;;;
;;;;;;;;;;;0;;;;;;;;;;;;;;;
;;;;;;;;;;;0;;;;;;;;;;;;;;;
;;;;;;;;;;;0;;;;;;;;;;;;;;;
;;;;;;;;;;;0;;;;;;;;;;;;;;;
;;;;;;;;;;;0;;;;;;;;;;;;;;;
;;;;;;;;;;;0;;;;;;;;;;;;;;;
;;;;;;;;;;;0;;;;;;;;;;;;;;;
;;;;;;;;;;;0;;;;;;;;;;;;;;;
;;;;;;;;;;;0;;;;;;;;;;;;;;;
;;;;;;;;;;;0;;;;;;;;;;;;;;;
;;;;;;;;;;;0;;;;;;;;;;;;;;;
;;;;;;;;;;;0;;;;;;;;;;;;;;;
;;;;;;;;;;;0;;;;;;;;;;;;;;;
;;;;;;;;;;;0;;;;;;;;;;;;;;;
;;;;;;;;;;;0;;;;;;;;;;;;;;;
;;;;;;;;;;;0;;;;;;;;;;;;;;;
;;;;;;;;;;;0;;;;;;;;;;;;;;;
;;;;;;;;;;;0;;;;;;;;;;;;;;;
;;;;;;;;;;;0;;;;;;;;;;;;;;;
;;;;;;;;;;;0;;;;;;;;;;;;;;;
;;;;;;;;;;;0;;;;;;;;;;;;;;;
;;;;;;;;;;;0;;;;;;;;;;;;;;;
;;;;;;;;;;;0;;;;;;;;;;;;;;;
;;;;;;;;;;;0;;;;;;;;;;;;;;;
;;;;;;;;;;;0;;;;;;;;;;;;;;;
;;;;;;;;;;;0;;;;;;;;;;;;;;;
;;;;;;;;;;;0;;;;;;;;;;;;;;;
;;;;;;;;;;;0;;;;;;;;;;;;;;;
;;;;;;;;;;;0;;;;;;;;;;;;;;;
;;;;;;;;;;;0;;;;;;;;;;;;;;;
;;;;;;;;;;;0;;;;;;;;;;;;;;;
;;;;;;;;;;;0;;;;;;;;;;;;;;;
;;;;;;;;;;;0;;;;;;;;;;;;;;;
;;;;;;;;;;;0;;;;;;;;;;;;;;;
;;;;;;;;;;;0;;;;;;;;;;;;;;;
;;;;;;;;;;;0;;;;;;;;;;;;;;;
;;;;;;;;;;;0;;;;;;;;;;;;;;;
;;;;;;;;;;;0;;;;;;;;;;;;;;;
;;;;;;;;;;;0;;;;;;;;;;;;;;;
;;;;;;;;;;;0;;;;;;;;;;;;;;;
;;;;;;;;;;;0;;;;;;;;;;;;;;;
;;;;;;;;;;;0;;;;;;;;;;;;;;;
;;;;;;;;;;;0;;;;;;;;;;;;;;;
;;;;;;;;;;;0;;;;;;;;;;;;;;;
;;;;;;;;;;;0;;;;;;;;;;;;;;;
;;;;;;;;;;;0;;;;;;;;;;;;;;;
;;;;;;;;;;;0;;;;;;;;;;;;;;;
;;;;;;;;;;;0;;;;;;;;;;;;;;;
;;;;;;;;;;;0;;;;;;;;;;;;;;;
;;;;;;;;;;;0;;;;;;;;;;;;;;;
;;;;;;;;;;;0;;;;;;;;;;;;;;;
;;;;;;;;;;;0;;;;;;;;;;;;;;;
;;;;;;;;;;;0;;;;;;;;;;;;;;;
;;;;;;;;;;;0;;;;;;;;;;;;;;;
;;;;;;;;;;;0;;;;;;;;;;;;;;;
;;;;;;;;;;;0;;;;;;;;;;;;;;;
;;;;;;;;;;;0;;;;;;;;;;;;;;;
;;;;;;;;;;;0;;;;;;;;;;;;;;;
;;;;;;;;;;;0;;;;;;;;;;;;;;;
;;;;;;;;;;;0;;;;;;;;;;;;;;;
;;;;;;;;;;;0;;;;;;;;;;;;;;;
;;;;;;;;;;;0;;;;;;;;;;;;;;;
;;;;;;;;;;;0;;;;;;;;;;;;;;;
;;;;;;;;;;;0;;;;;;;;;;;;;;;
;;;;;;;;;;;0;;;;;;;;;;;;;;;
;;;;;;;;;;;0;;;;;;;;;;;;;;;
;;;;;;;;;;;0;;;;;;;;;;;;;;;
;;;;;;;;;;;0;;;;;;;;;;;;;;;
;;;;;;;;;;;0;;;;;;;;;;;;;;;
;;;;;;;;;;;0;;;;;;;;;;;;;;;
;;;;;;;;;;;0;;;;;;;;;;;;;;;
;;;;;;;;;;;0;;;;;;;;;;;;;;;
;;;;;;;;;;;0;;;;;;;;;;;;;;;
;;;;;;;;;;;0;;;;;;;;;;;;;;;
;;;;;;;;;;;0;;;;;;;;;;;;;;;
;;;;;;;;;;;0;;;;;;;;;;;;;;;
;;;;;;;;;;;0;;;;;;;;;;;;;;;
;;;;;;;;;;;0;;;;;;;;;;;;;;;
;;;;;;;;;;;0;;;;;;;;;;;;;;;
;;;;;;;;;;;0;;;;;;;;;;;;;;;
;;;;;;;;;;;0;;;;;;;;;;;;;;;
;;;;;;;;;;;0;;;;;;;;;;;;;;;
;;;;;;;;;;;0;;;;;;;;;;;;;;;
;;;;;;;;;;;0;;;;;;;;;;;;;;;
;;;;;;;;;;;0;;;;;;;;;;;;;;;
;;;;;;;;;;;0;;;;;;;;;;;;;;;
;;;;;;;;;;;0;;;;;;;;;;;;;;;
;;;;;;;;;;;0;;;;;;;;;;;;;;;
;;;;;;;;;;;0;;;;;;;;;;;;;;;
;;;;;;;;;;;0;;;;;;;;;;;;;;;
;;;;;;;;;;;0;;;;;;;;;;;;;;;
;;;;;;;;;;;0;;;;;;;;;;;;;;;
;;;;;;;;;;;0;;;;;;;;;;;;;;;
;;;;;;;;;;;0;;;;;;;;;;;;;;;
;;;;;;;;;;;0;;;;;;;;;;;;;;;
;;;;;;;;;;;0;;;;;;;;;;;;;;;
;;;;;;;;;;;0;;;;;;;;;;;;;;;
;;;;;;;;;;;0;;;;;;;;;;;;;;;
;;;;;;;;;;;0;;;;;;;;;;;;;;;
;;;;;;;;;;;0;;;;;;;;;;;;;;;
;;;;;;;;;;;0;;;;;;;;;;;;;;;
;;;;;;;;;;;0;;;;;;;;;;;;;;;
;;;;;;;;;;;0;;;;;;;;;;;;;;;
;;;;;;;;;;;0;;;;;;;;;;;;;;;
;;;;;;;;;;;0;;;;;;;;;;;;;;;
;;;;;;;;;;;0;;;;;;;;;;;;;;;
;;;;;;;;;;;0;;;;;;;;;;;;;;;
;;;;;;;;;;;0;;;;;;;;;;;;;;;
;;;;;;;;;;;0;;;;;;;;;;;;;;;
;;;;;;;;;;;0;;;;;;;;;;;;;;;
;;;;;;;;;;;0;;;;;;;;;;;;;;;
;;;;;;;;;;;0;;;;;;;;;;;;;;;
;;;;;;;;;;;0;;;;;;;;;;;;;;;
;;;;;;;;;;;0;;;;;;;;;;;;;;;
;;;;;;;;;;;0;;;;;;;;;;;;;;;
;;;;;;;;;;;0;;;;;;;;;;;;;;;
;;;;;;;;;;;0;;;;;;;;;;;;;;;
;;;;;;;;;;;0;;;;;;;;;;;;;;;
;;;;;;;;;;;0;;;;;;;;;;;;;;;
;;;;;;;;;;;0;;;;;;;;;;;;;;;
;;;;;;;;;;;0;;;;;;;;;;;;;;;
;;;;;;;;;;;0;;;;;;;;;;;;;;;
;;;;;;;;;;;0;;;;;;;;;;;;;;;
;;;;;;;;;;;0;;;;;;;;;;;;;;;
;;;;;;;;;;;0;;;;;;;;;;;;;;;
;;;;;;;;;;;0;;;;;;;;;;;;;;;
;;;;;;;;;;;0;;;;;;;;;;;;;;;
;;;;;;;;;;;0;;;;;;;;;;;;;;;
;;;;;;;;;;;0;;;;;;;;;;;;;;;
;;;;;;;;;;;0;;;;;;;;;;;;;;;
;;;;;;;;;;;0;;;;;;;;;;;;;;;
;;;;;;;;;;;0;;;;;;;;;;;;;;;
;;;;;;;;;;;0;;;;;;;;;;;;;;;
;;;;;;;;;;;0;;;;;;;;;;;;;;;
;;;;;;;;;;;0;;;;;;;;;;;;;;;
;;;;;;;;;;;0;;;;;;;;;;;;;;;
;;;;;;;;;;;0;;;;;;;;;;;;;;;
;;;;;;;;;;;0;;;;;;;;;;;;;;;
;;;;;;;;;;;0;;;;;;;;;;;;;;;
;;;;;;;;;;;0;;;;;;;;;;;;;;;
;;;;;;;;;;;0;;;;;;;;;;;;;;;
;;;;;;;;;;;0;;;;;;;;;;;;;;;
;;;;;;;;;;;0;;;;;;;;;;;;;;;
;;;;;;;;;;;0;;;;;;;;;;;;;;;
;;;;;;;;;;;0;;;;;;;;;;;;;;;
;;;;;;;;;;;0;;;;;;;;;;;;;;;
;;;;;;;;;;;0;;;;;;;;;;;;;;;
;;;;;;;;;;;0;;;;;;;;;;;;;;;
;;;;;;;;;;;0;;;;;;;;;;;;;;;
;;;;;;;;;;;0;;;;;;;;;;;;;;;
;;;;;;;;;;;0;;;;;;;;;;;;;;;
;;;;;;;;;;;0;;;;;;;;;;;;;;;
;;;;;;;;;;;0;;;;;;;;;;;;;;;
;;;;;;;;;;;0;;;;;;;;;;;;;;;
;;;;;;;;;;;0;;;;;;;;;;;;;;;
;;;;;;;;;;;0;;;;;;;;;;;;;;;
;;;;;;;;;;;0;;;;;;;;;;;;;;;
;;;;;;;;;;;0;;;;;;;;;;;;;;;
;;;;;;;;;;;0;;;;;;;;;;;;;;;
;;;;;;;;;;;0;;;;;;;;;;;;;;;
;;;;;;;;;;;0;;;;;;;;;;;;;;;
;;;;;;;;;;;0;;;;;;;;;;;;;;;
;;;;;;;;;;;0;;;;;;;;;;;;;;;
;;;;;;;;;;;0;;;;;;;;;;;;;;;
;;;;;;;;;;;0;;;;;;;;;;;;;;;
;;;;;;;;;;;0;;;;;;;;;;;;;;;
;;;;;;;;;;;0;;;;;;;;;;;;;;;
;;;;;;;;;;;0;;;;;;;;;;;;;;;
;;;;;;;;;;;0;;;;;;;;;;;;;;;
;;;;;;;;;;;0;;;;;;;;;;;;;;;
;;;;;;;;;;;0;;;;;;;;;;;;;;;
;;;;;;;;;;;0;;;;;;;;;;;;;;;
;;;;;;;;;;;0;;;;;;;;;;;;;;;
;;;;;;;;;;;0;;;;;;;;;;;;;;;
;;;;;;;;;;;0;;;;;;;;;;;;;;;
;;;;;;;;;;;0;;;;;;;;;;;;;;;
;;;;;;;;;;;0;;;;;;;;;;;;;;;
;;;;;;;;;;;0;;;;;;;;;;;;;;;
;;;;;;;;;;;0;;;;;;;;;;;;;;;
;;;;;;;;;;;0;;;;;;;;;;;;;;;
;;;;;;;;;;;0;;;;;;;;;;;;;;;
;;;;;;;;;;;0;;;;;;;;;;;;;;;
;;;;;;;;;;;0;;;;;;;;;;;;;;;
;;;;;;;;;;;0;;;;;;;;;;;;;;;
;;;;;;;;;;;0;;;;;;;;;;;;;;;
;;;;;;;;;;;0;;;;;;;;;;;;;;;
;;;;;;;;;;;0;;;;;;;;;;;;;;;
;;;;;;;;;;;0;;;;;;;;;;;;;;;
;;;;;;;;;;;0;;;;;;;;;;;;;;;
;;;;;;;;;;;0;;;;;;;;;;;;;;;
;;;;;;;;;;;0;;;;;;;;;;;;;;;
;;;;;;;;;;;0;;;;;;;;;;;;;;;
;;;;;;;;;;;0;;;;;;;;;;;;;;;
;;;;;;;;;;;0;;;;;;;;;;;;;;;
;;;;;;;;;;;0;;;;;;;;;;;;;;;
;;;;;;;;;;;0;;;;;;;;;;;;;;;
;;;;;;;;;;;0;;;;;;;;;;;;;;;
;;;;;;;;;;;0;;;;;;;;;;;;;;;