Prague -traffic intensity, year 2021, working days, 0-24 h;;;;;;;
Junctions in Prague = 703 junctions;;;;;;;
;;;;;;;
Junction number;Name of the junction;;ID;Cars;Trucks/Buses (no public transport);Location coordinates;
1001;KLÁROV;VALDŠTEJNSKÁ;1;18 500;400;50.0916422N;14.4095594E
1002;KLÁROV;NÁB.E.BENEŠE;2;21 900;500;50.0912808N;14.4098222E
1003;KLÁROV;LETENSKÁ;3;12 800;300;50.0900678N;14.4100528E
1004;MALOSTRAN.N.;LETENSKÁ;4;11 500;200;50.0885153N;14.4046347E
1005;MALOSTRAN.N.;KARMELITSKÁ;5;11 500;200;50.0876928N;14.4038944E
1006;KARMELITSKÁ;HELLICHOVA;6;10 300;200;50.0844592N;14.4042217E
1007;ÚJEZD;VÍTĚZNÁ;7;14 500;300;50.0811839N;14.4045703E
1008;VÍTĚZNÁ;ZBOROVSKÁ;8;10 700;200;50.0812353N;14.4069361E
1009;VÍTĚZNÁ;JANÁČK.NÁB.;9;14 200;200;50.0812697N;14.4079500E
1010;ČECHŮV MOST;NA FRANTIŠKU;10;25 500;600;50.0921308N;14.4176756E
1011;PAŘÍŽSKÁ;17.LISTOPADU;11;9 600;200;50.0916008N;14.4180297E
1012;KŘIŽOVNICKÁ;KAPROVA;12;20 500;500;50.0887031N;14.4155942E
1013;SMETAN.NÁBŘ.;DIVADELNÍ;13;19 000;300;50.0835056N;14.4133306E
1014;NÁR.DIVADLO;;14;16 000;200;50.0814264N;14.4130300E
1015;MASARYK.NÁB.;DIVADELNÍ;15;16 500;400;50.0797467N;14.4139206E
1016;MASARYK.NÁB.;MYSLÍKOVA;16;19 900;400;50.0774056N;14.4143819E
1021;PRAŠNÁ BRÁNA;;17;5 600;100;50.0872986N;14.4275783E
1023;REVOLUČNÍ;KRÁLODVORSKÁ;18;8 000;100;50.0891781N;14.4282758E
1027;REVOLUČNÍ;DLOUHÁ;19;10 000;100;50.0907817N;14.4277822E
1028;REVOLUČNÍ;ŘÁSNOVKA;20;26 400;700;50.0926542N;14.4273317E
1029;NA FRANTIŠKU;KLÁŠTERSKÁ;21;21 200;400;50.0930533N;14.4250036E
1030;NÁB.L.SVOB.;NOVÉ MLÝNY;22;34 200;900;50.0932597N;14.4282436E
1035;JINDŘIŠSKÁ;PANSKÁ;23;5 100;100;50.0837397N;14.4281147E
1036;SENOVÁŽNÉ N.;;24;7 500;200;50.0860319N;14.4318483E
1037;HAVLÍČKOVA;HYBERNSKÁ;25;11 700;400;50.0872642N;14.4323956E
1038;HAVLÍČKOVA;NA FLORENCI;26;4 600;200;50.0884964N;14.4324600E
1041;KŘIŽÍKOVA;NA FLORENCI;27;5 100;300;50.0895633N;14.4372881E
1042;KLIMENTSKÁ;STÁRKOVA;28;17 700;300;50.0925714N;14.4357644E
1043;HLÁVKŮV MOST;KLIMENTSKÁ;29;93 700;2 400;50.0926403N;14.4368481E
1044;KARLOVO N.;ŽITNÁ;30;22 900;400;50.0775294N;14.4212378E
1045;ŽITNÁ;ŠTĚPÁNSKÁ;31;30 300;600;50.0773231N;14.4247461E
1046;HYBERNSKÁ;SENOVÁŽNÁ;32;7 600;200;50.0872022N;14.4289625E
1047;MEZIBRANSKÁ;ŽITNÁ;33;59 700;1 400;50.0771853N;14.4292736E
1048;LEGEROVA;ANGLICKÁ;34;55 900;1 300;50.0771372N;14.4304322E
1049;VÁCLAVSKÉ N.;ŠTĚPÁNSKÁ;35;7 900;200;50.0813919N;14.4268917E
1050;VÁCLAVSKÉ N.;OPLETALOVA;36;18 500;300;50.0807861N;14.4289089E
1051;OPLETALOVA;POLIT.VĚZŇŮ;37;13 700;400;50.0819083N;14.4307006E
1052;WILSONOVA;POLIT.VĚZŇŮ;38;45 900;1 400;50.0808894N;14.4324814E
1053;OPLETALOVA;BOLZANOVA;39;12 900;200;50.0861767N;14.4347561E
1054;HYBERNSKÁ;OPLETALOVA;40;18 500;300;50.0872022N;14.4354319E
1055;BULHAR;;41;103 800;2 500;50.0866586N;14.4371269E
1056;MUZEUM;;42;55 700;1 400;50.0797328N;14.4305933E
1057;VINOHRADSKÁ;LEGEROVA;43;51 200;1 300;50.0792303N;14.4327606E
1058;CHOTKOVA;BADENIHO;44;24 000;500;50.0950286N;14.4091892E
1059;MAR.HRADBY;U PRAŠ.MOSTU;45;15 100;400;50.0932322N;14.3983639E
1060;JELENÍ;U BRUSNICE;46;19 100;400;50.0930050N;14.3921947E
1061;KEPLEROVA;POHOŘELEC;47;11 800;200;50.0877806N;14.3883000E
1063;WILSONOVA;LEGEROVA;48;82 400;2 300;50.0814608N;14.4336617E
1064;NÁB.L.SVOB.;KLIMENTSKÁ;49;40 400;1 100;50.0923958N;14.4332433E
1065;17.LISTOPADU;NA REJDIŠTI;50;17 000;400;50.0902761N;14.4161258E
1066;CHOTKOVA;U BRUS.KAS.;51;21 000;400;50.0925581N;14.4092756E
1067;NÁB.E.BENEŠE;U BRUS.KAS.;52;21 700;500;50.0922069N;14.4113031E
1068;MYSLÍKOVA;ODBORŮ;53;9 200;200;50.0779292N;14.4179336E
1070;ŠTĚPÁNSKÁ;V JÁMĚ;54;5 400;100;50.0797125N;14.4258836E
1146;SENOVÁŽNÉ N.;SENOVÁŽNÁ;55;6 600;100;50.0857708N;14.4293492E
2001;JIRÁSKOVO N.;;56;49 200;1 000;50.0757497N;14.4138894E
2002;KARLOVO N.;NA MORÁNI;57;11 500;200;50.0738469N;14.4184242E
2003;KARLOVO N.;RESSLOVA;58;36 300;800;50.0759022N;14.4190572E
2004;KARLOVO N.;JEČNÁ;59;17 000;400;50.0757025N;14.4206772E
2005;JEČNÁ;ŠTĚPÁNSKÁ;60;29 300;600;50.0756475N;14.4240889E
2006;NÁM.I.P.PAV.;SOKOLSKÁ;61;55 900;1 400;50.0754617N;14.4290456E
2007;NÁM.I.P.PAV.;LEGEROVA;62;44 700;1 100;50.0754753N;14.4301831E
2008;JUGOSLÁVSKÁ;BĚLEHRADSKÁ;63;8 100;200;50.0754064N;14.4321786E
2009;SOKOLSKÁ;RUMUNSKÁ;64;43 100;1 000;50.0735956N;14.4292067E
2010;LEGEROVA;RUMUNSKÁ;65;43 100;900;50.0737264N;14.4303653E
2011;SOKOLSKÁ;NUSEL.MOST;66;67 600;1 700;50.0694019N;14.4295822E
2012;BĚLEHRADSKÁ;RUMUNSKÁ;67;20 900;400;50.0741050N;14.4328114E
2013;ANGLICKÁ;BĚLEHRADSKÁ;68;13 900;200;50.0770383N;14.4316528E
2014;NÁMĚSTÍ MÍRU;ANGLICKÁ;69;19 100;300;50.0758953N;14.4350325E
2015;NÁMĚSTÍ MÍRU;JUGOSLÁVSKÁ;70;9 500;200;50.0754272N;14.4351503E
2016;NÁMĚSTÍ MÍRU;RUMUNSKÁ;71;18 800;300;50.0745044N;14.4355367E
2017;NÁMĚSTÍ MÍRU;FRANCOUZSKÁ;72;20 300;300;50.0749175N;14.4373714E
2018;KORUNNÍ;BLANICKÁ;73;7 400;100;50.0753444N;14.4390772E
2019;NÁMĚSTÍ MÍRU;SLEZSKÁ;74;13 700;200;50.0758472N;14.4376825E
2020;SLEZSKÁ;BUDEČSKÁ;75;7 100;100;50.0762947N;14.4419525E
2021;SLEZSKÁ;ŠUMAVSKÁ;76;5 000;100;50.0762672N;14.4439050E
2022;SLEZSKÁ;U VODÁRNY;77;4 100;100;50.0763153N;14.4490550E
2023;VINOHRADSKÁ;ITALSKÁ;78;21 700;700;50.0780917N;14.4362556E
2024;VINOHRADSKÁ;BUDEČSKÁ;79;15 600;300;50.0770522N;14.4420275E
2025;VINOHRADSKÁ;ŠUMAVSKÁ;80;18 100;300;50.0769969N;14.4438731E
2026;VINOHRADSKÁ;U VODÁRNY;81;13 700;300;50.0771692N;14.4490550E
2028;KORUNNÍ;U VODÁRNY;82;8 300;200;50.0754064N;14.4490978E
2029;FRANCOUZSKÁ;BUDEČSKÁ;83;11 400;200;50.0730861N;14.4416950E
2031;PALACKÉHO N.;;84;23 500;400;50.0730517N;14.4139825E
2032;VÝTOŇ;;85;24 000;400;50.0671639N;14.4150981E
2033;RAŠÍN.NÁBŘ.;VNISLAVOVA;86;9 900;200;50.0670881N;14.4151303E
2034;RAŠÍN.NÁBŘ.;LIBUŠINA;87;15 400;200;50.0663167N;14.4152269E
2035;LIBUŠINA;VNISLAVOVA;88;8 000;0;50.0674600N;14.4172011E
2036;SVOBODOVA;VYŠEHRADSKÁ;89;22 600;300;50.0677836N;14.4171797E
2037;VYŠEHRADSKÁ;PLAVECKÁ;90;9 900;200;50.0691264N;14.4178769E
2038;VYŠEHRADSKÁ;BENÁTSKÁ;91;17 600;400;50.0708961N;14.4190572E
2039;SVOBODOVA;NA SLUPI;92;14 600;400;50.0679283N;14.4210528E
2040;NA SLUPI;SEKANINOVA;93;13 100;400;50.0655522N;14.4237242E
2041;JAROMÍROVA;SVATOPLUKOVA;94;6 200;200;50.0650633N;14.4301831E
2042;JAROMÍROVA;KŘESOMYSLOVA;95;13 000;400;50.0651458N;14.4345817E
2043;SEIFERTOVA;ITALSKÁ;96;26 700;600;50.0852242N;14.4407508E
2044;FRANCOUZSKÁ;BLANICKÁ;97;10 200;200;50.0742428N;14.4388947E
2045;SEIFERTOVA;HUSITSKÁ;98;35 300;800;50.0863464N;14.4379614E
2046;KARLOVO N.;ODBORŮ;99;19 700;300;50.0776769N;14.4194594E
2047;SLEZSKÁ;BLANICKÁ;100;5 500;100;50.0760314N;14.4390289E
3001;SEIFERTOVA;SIWIECOVA;101;13 800;400;50.0851331N;14.4433661E
3002;TÁBORITSKÁ;ONDŘÍČKOVA;102;13 600;400;50.0822767N;14.4564247E
3003;OLŠANSKÉ N.;;103;33 600;900;50.0826689N;14.4590961E
3004;PROKOPOVA;ROKYCANOVA;104;15 300;500;50.0848719N;14.4555986E
3006;HUSITSKÁ;TROCNOVSKÁ;105;25 700;800;50.0873639N;14.4432067E
3007;HUSITSKÁ;PROKOPOVA;106;18 600;600;50.0871506N;14.4512642E
3008;KONĚVOVA;ROKYCANOVA;107;12 200;300;50.0873708N;14.4552444E
3009;OHRADA;;108;38 900;1 000;50.0903514N;14.4678939E
3010;KONĚVOVA;NA VÁPENCE;109;12 500;400;50.0915975N;14.4750606E
3011;KONĚVOVA;NA VRCHOLU;110;14 200;400;50.0925817N;14.4867336E
3012;KONĚVOVA;SPOJOVACÍ;111;36 900;1 300;50.0919003N;14.4981706E
3013;SLEZSKÁ;PERUNOVA;112;3 000;100;50.0763900N;14.4540214E
3014;SLEZSKÁ;BOLESLAVSKÁ;113;9 500;300;50.0766792N;14.4587958E
3015;SLEZSKÁ;JIČÍNSKÁ;114;10 500;200;50.0768169N;14.4612956E
3016;VINOHRADSKÁ;BOLESLAVSKÁ;115;19 300;500;50.0777050N;14.4584631E
3017;VINOHRADSKÁ;JIČÍNSKÁ;116;25 700;600;50.0778428N;14.4609414E
3018;VINOHRADSKÁ;Z LOB.VJEZD;117;17 100;400;50.0782214N;14.4672178E
3019;VINOHRADSKÁ;NÁM.J.Z LOB.;118;15 600;400;50.0780700N;14.4661128E
3020;VINOHRADSKÁ;J.ŽELIVSKÉHO;119;41 100;1 200;50.0784417N;14.4730758E
3021;J.ŽELIVSKÉHO;OLŠANSKÁ;120;37 700;1 000;50.0843867N;14.4706939E
3022;J.ŽELIVSKÉHO;MALEŠICKÁ;121;31 000;800;50.0869958N;14.4697178E
3023;J.ŽELIVSKÉHO;JESENIOVA;122;30 000;800;50.0884689N;14.4689022E
3026;KORUNNÍ;BENEŠOVSKÁ;123;17 800;400;50.0755328N;14.4592569E
3027;POD KREJCÁR.;POD PLYNOJ.;124;28 200;800;50.0954347N;14.4758761E
3028;SOBĚSLAVSKÁ;ŠROBÁROVA;125;20 000;700;50.0760492N;14.4691811E
3029;VINOHRADSKÁ;POD Ž.HŘBIT.;126;22 200;600;50.0781469N;14.4764747E
3030;SEIFERTOVA;KRÁSOVA;127;11 000;400;50.0848311N;14.4466069E
4001;BĚLEHRADSKÁ;OTAKAROVA;128;29 500;600;50.0653589N;14.4397836E
4002;NUSELSKÁ;TÁBORSKÁ;129;15 300;300;50.0632928N;14.4429378E
4003;NUSELSKÁ;V HORKÁCH;130;10 600;200;50.0617086N;14.4460278E
4004;NUSELSKÁ;K PODJEZDU;131;15 600;200;50.0601106N;14.4497400E
4005;NUSELSKÁ;MICHELSKÁ;132;22 100;500;50.0548481N;14.4529800E
4006;CHODOVSKÁ;U PLYNÁRNY;133;53 500;1 600;50.0569836N;14.4712619E
4007;SPOŘILOVSKÁ;SEVEROVÝCH.I;134;58 700;6 900;50.0496025N;14.4798222E
4008;CHODOVEC;SENOHRABSKÁ;135;55 600;7 000;50.0410119N;14.4893422E
4010;OTAKAROVA;NA ZÁMECKÉ;136;13 800;400;50.0657781N;14.4412119E
4011;5.KVĚTNA;PANKRÁC. N.;137;77 300;1 800;50.0559219N;14.4351822E
4012;5.KVĚTNA;LOUNSKÝCH;138;77 800;1 800;50.0598261N;14.4338411E
4013;5.KVĚTNA;DĚK.VINICE I;139;80 400;1 900;50.0559017N;14.4351392E
4014;5.KVĚTNA;NA STRŽI;140;90 400;2 000;50.0509281N;14.4427139E
4015;5.KVĚTNA;VYSKOČILOVA;141;96 300;2 100;50.0478967N;14.4534428E
4016;5.KVĚTNA;JIŽNÍ SPOJKA;142;190 000;14 900;50.0404003N;14.4700508E
4017;DÁLNICE D1;CHODOVEC;143;124 800;16 000;50.0380300N;14.4895558E
4018;DÁLNICE D1;PŘÍP.CHODOV;144;108 000;14 600;50.0316761N;14.4926889E
4019;DÁLNICE D1;PŘÍP.ŠEBEROV;145;121 900;15 700;50.0224264N;14.5089753E
4020;DÁLNICE D1;HRAN. MĚSTA;146;56 800;8 000;50.0189797N;14.5179875E
4021;TÁBORSKÁ;REZKOVA;147;15 400;200;50.0605333N;14.4363403E
4022;TÁBORSKÁ;LOUNSKÝCH;148;18 700;300;50.0597656N;14.4359969E
4023;NA PANKRÁCI;TÁBORSKÁ;149;27 900;500;50.0567211N;14.4343017E
4024;NA PANKRÁCI;DĚK.VINICE I;150;20 800;500;50.0555844N;14.4348061E
4025;NA PANKRÁCI;NA VESELÍ;151;13 300;400;50.0538347N;14.4373808E
4026;NA PANKRÁCI;HVĚZDOVA;152;19 200;400;50.0520092N;14.4393444E
4027;BUDĚJOVICKÁ;NA STRŽI;153;37 600;700;50.0500389N;14.4411789E
4028;BUDĚJOVICKÁ;ZA Z.LIŠKOU;154;12 700;300;50.0474486N;14.4452775E
4029;BUDĚJOVICKÁ;VYSKOČILOVA;155;29 100;900;50.0452439N;14.4486892E
4030;VYSKOČILOVA;RAMPY;156;25 200;700;50.0475106N;14.4509744E
4031;VYSKOČILOVA;MICHELSKÁ;157;28 100;700;50.0485714N;14.4597506E
4032;MICHELSKÁ;PODLE KAČER.;158;19 800;600;50.0460914N;14.4608664E
4033;MICHELSKÁ;NA ZÁHONECH;159;23 400;700;50.0439142N;14.4623256E
4034;VÍDEŇSKÁ;JIŽNÍ SPOJKA;160;149 100;8 700;50.0378436N;14.4574547E
4035;VÍDEŇSKÁ;U KRČ.NÁDR.;161;43 700;1 600;50.0348114N;14.4557594E
4036;VÍDEŇSKÁ;ZÁLESÍ;162;45 500;1 800;50.0291189N;14.4552875E
4037;VÍDEŇSKÁ;JALODVORSKÁ;163;20 100;1 000;50.0212750N;14.4627975E
4038;VÍDEŇSKÁ;DOBRONICKÁ;164;30 800;1 200;50.0117886N;14.4760047E
4039;VÍDEŇSKÁ;KUNR.SPOJKA;165;40 000;2 000;49.9986458N;14.4849311E
4040;VÍDEŇSKÁ;HRAN. MĚSTA;166;22 000;1 200;49.9954181N;14.4872486E
4041;PODOL. NÁBŘ.;PODOLSKÁ;167;23 000;300;50.0592350N;14.4196678E
4042;PODOL. NÁBŘ.;JEREMENKOVA;168;30 100;400;50.0470139N;14.4140992E
4043;MODŘANSKÁ;BRANICKÁ;169;38 300;600;50.0399453N;14.4098186E
4044;MODŘANSKÁ;RAMPA MOSTU;170;59 500;1 200;50.0353283N;14.4070292E
4045;MODŘANSKÁ;JIŽNÍ SPOJKA;171;49 200;1 300;50.0323786N;14.4089172E
4046;MODŘANSKÁ;ÚDOLNÍ;172;39 600;1 000;50.0301319N;14.4065783E
4047;MODŘANSKÁ;PIKOVICKÁ;173;34 200;800;50.0313311N;14.4082736E
4048;MODŘANSKÁ;ČS. EXILU;174;31 600;800;50.0170767N;14.4024586E
4049;MODŘANSKÁ;DARWINOVA;175;19 000;700;50.0080517N;14.4036172E
4050;KOMOŘANSKÁ;GEN. ŠIŠKY;176;24 300;900;50.0021558N;14.4055164E
4051;KOMOŘANSKÁ;REVOLUCE;177;15 200;600;49.9907761N;14.4100439E
4053;MILEVSKÁ;NA STRŽI;178;19 000;300;50.0483647N;14.4397842E
4054;OLBRACHTOVA;NA STRŽI;179;31 400;600;50.0433903N;14.4388617E
4055;BRANICKÁ;NA STRŽI;180;25 900;700;50.0366239N;14.4443117E
4056;NOVODVORSKÁ;DURYCHOVA;181;13 300;300;50.0179453N;14.4489253E
4057;BRANICKÁ;VRBOVA;182;10 400;200;50.0341428N;14.4154833E
4058;NOVODVORSKÁ;VAVŘENOVA;183;11 600;200;50.0275542N;14.4278644E
4059;NOVODVORSKÁ;ZÁLESÍ;184;32 100;700;50.0230464N;14.4401383E
4060;ZÁLESÍ;ŠTÚROVA;185;41 000;1 200;50.0281606N;14.4511889E
4061;LIBUŠSKÁ;DURYCHOVA;186;16 800;700;50.0189242N;14.4529700E
4062;LIBUŠSKÁ;DOBRONICKÁ;187;20 600;800;50.0090375N;14.4621753E
4063;LIBUŠSKÁ;METEOROLOG.;188;27 700;900;50.0063483N;14.4635486E
4064;LIBUŠSKÁ;KUNR.SPOJKA;189;25 200;900;49.9997283N;14.4671536E
4065;LIBUŠSKÁ;PODCHÝŠSKÁ;190;11 000;300;49.9841950N;14.4664883E
4066;LIBUŠSKÁ;HRAN. MĚSTA;191;62 500;17 000;49.9801108N;14.4654583E
4067;LHOTECKÁ;U KAMÝKU;192;16 400;400;50.0175453N;14.4341731E
4068;LHOTECKÁ;ČS. EXILU;193;15 400;300;50.0142361N;14.4169856E
4072;VÝSTAVNÍ;NOVOPETROV.;194;24 600;1 000;50.0332056N;14.5448947E
4073;VÝSTAVNÍ;OPATOVSKÁ;195;29 000;1 100;50.0339361N;14.5377492E
4074;VÝSTAVNÍ;HVIEZDOSLAV.;196;18 100;900;50.0355211N;14.5316339E
4075;KE STÁČÍRNĚ;MÍROV. HNUTÍ;197;34 900;1 300;50.0400967N;14.5108197E
4076;TÜRKOVA;MÍROV. HNUTÍ;198;46 600;1 300;50.0364308N;14.4950269E
4077;LITOCHLEB.N.;;199;34 700;1 000;50.0314275N;14.5063567E
4078;CHILSKÁ;OPATOVSKÁ;200;56 600;1 900;50.0239975N;14.5089531E
4079;NA JELENÁCH;K HRNČÍŘŮM;201;44 700;1 600;50.0208681N;14.5088242E
4080;NA JELENÁCH;KUNR.SPOJKA;202;31 500;1 400;50.0202753N;14.5004772E
4082;K ŠEBERÁKU;KUNR.SPOJKA;203;28 000;1 300;50.0056589N;14.5009708E
4084;K ŠEBEROVU;K HRNČÍŘŮM;204;19 800;800;50.0027625N;14.5160769E
4085;K ŠEBEROVU;HRAN. MĚSTA;205;6 800;200;50.0004869N;14.5293808E
4086;ROZKOŠ;HRAN. MĚSTA;206;2 900;200;49.9949694N;14.5190381E
4087;LEŠANSKÁ;HLAVNÍ;207;7 900;200;50.0462956N;14.4837839E
4088;SENOHRABSKÁ;HLAVNÍ;208;6 900;200;50.0467778N;14.4858867E
4089;TÁBORSKÁ;SVATOSLAVOVA;209;12 400;200;50.0620358N;14.4376747E
4090;HVIEZDOSLAV.;U MODR.ŠKOLY;210;13 700;200;50.0325967N;14.5225933E
4091;OPATOVSKÁ;NOVOMESKÉHO;211;20 700;400;50.0291919N;14.5256619E
4092;POD CHODOVEM;RYŠAVÉHO;212;29 400;900;50.0327878N;14.4881633E
4093;5.KVĚTNA;RYŠAVÉHO;213;98 500;8 700;50.0403956N;14.4820478E
4094;JIŽNÍ SPOJKA;SULICKÁ;214;126 700;7 300;50.0346622N;14.4439389E
4095;SULICKÁ;U KRČ.NÁDR.;215;18 700;400;50.0323192N;14.4446686E
4096;JIŽNÍ SPOJKA;CHODOVSKÁ;216;153 000;18 900;50.0511025N;14.4774558E
4097;GEN. ŠIŠKY;ČS. EXILU;217;14 700;400;50.0040272N;14.4171383E
4099;U KUNR.LESA;K VERNERÁKU;218;10 900;400;50.0216783N;14.4917267E
4100;JIŽNÍ SPOJKA;BARRAND.MOST;219;142 300;6 900;50.0383847N;14.4077628E
4101;JIŽNÍ SPOJKA;BRANÍK;220;111 900;6 600;50.0357453N;14.4082133E
4102;GEN. ŠIŠKY;JOR.JOVKOVA;221;15 300;400;50.0051800N;14.4206158E
4103;GEN. ŠIŠKY;LEVSKÉHO;222;15 100;400;50.0054006N;14.4367519E
4104;GEN. ŠIŠKY;NOVODVORSKÁ;223;23 200;600;50.0061039N;14.4558064E
4106;BŘEŽAN.ÚDOLÍ;HRAN. MĚSTA;224;4 000;100;49.9718172N;14.4000022E
4107;A.STAŠKA;NA STRŽI;225;21 700;500;50.0405375N;14.4383900E
4108;BUDĚJOVICKÁ;A.STAŠKA;226;14 800;500;50.0439550N;14.4509000E
4109;OPATOVSKÁ;KE KATEŘIN.;227;29 400;600;50.0252242N;14.5145864E
4110;FORMANSKÁ;J.BÍBRDLÍKA;228;4 400;200;50.0141117N;14.5454900E
4111;FORMANSKÁ;HRAN. MĚSTA;229;1 000;100;50.0164006N;14.5333881E
4112;TÜRKOVA;LEŠANSKÁ;230;34 700;1 000;50.0411692N;14.4868953E
4113;TÜRKOVA;SENOHRABSKÁ;231;32 900;900;50.0408661N;14.4890625E
4270;NÁM.P.MASAR.;;232;10 500;200;50.0134903N;14.4852597E
4273;LIBUŠSKÁ;JALODVORSKÁ;233;15 100;600;50.0140769N;14.4571328E
4274;K HORKÁM;R.DOUPOVSKÁ;234;20 100;700;50.0424306N;14.5136669E
4276;K HORKÁM;R.K JEZERU;235;20 100;700;50.0456689N;14.5245567E
4966;PRAŽ.OKRUH;PŘIV.VESTEC;236;35 700;8 500;49.9913603N;14.4899025E
5001;JIRÁSK.MOST;JANÁČK.NÁB.;237;57 300;1 000;50.0753686N;14.4088783E
5002;ZBOROVSKÁ;V BOTANICE;238;36 100;600;50.0754375N;14.4076125E
5003;PRESLOVA;V BOTANICE;239;30 700;600;50.0752447N;14.4061533E
5004;ŠTEFÁNIKOVA;KARTOUZSKÁ;240;24 100;500;50.0746269N;14.4035844E
5006;ZBOROVSKÁ;MATOUŠOVA;241;16 400;300;50.0745422N;14.4078486E
5007;PRESLOVA;MATOUŠOVA;242;4 800;100;50.0742944N;14.4063250E
5009;ŠTEFÁNIKOVA;HOLEČKOVA;243;23 300;400;50.0788114N;14.4041792E
5010;LIDICKÁ;ZBOROVSKÁ;244;19 200;300;50.0725181N;14.4084278E
5012;PLZEŇSKÁ;RADLICKÁ;245;31 700;700;50.0717881N;14.4009392E
5013;PLZEŇSKÁ;KARTOUZSKÁ;246;36 700;900;50.0722011N;14.3976239E
5014;PLZEŇSKÁ;HOLEČKOVA;247;22 500;500;50.0711753N;14.3830433E
5015;PLZEŇSKÁ;PODBĚLOHORS.;248;26 800;800;50.0707758N;14.3801894E
5016;PLZEŇSKÁ;JINONICKÁ;249;22 700;600;50.0704867N;14.3779364E
5017;PLZEŇSKÁ;VRCHLICKÉHO;250;35 900;1 000;50.0700183N;14.3736878E
5018;PLZEŇSKÁ;MUSÍLKOVA;251;33 900;1 000;50.0700319N;14.3694178E
5019;PLZEŇSKÁ;SMYČKA TRAM.;252;30 600;1 000;50.0697153N;14.3643539E
5020;PLZEŇSKÁ;POD KOTLÁŘ.;253;27 700;1 000;50.0695914N;14.3615428E
5021;PLZEŇSKÁ;ZAHRADNÍČK.;254;26 300;1 000;50.0688614N;14.3555347E
5022;PLZEŇSKÁ;VOZOVNA TRAM;255;24 300;1 000;50.0679111N;14.3418875E
5023;PLZEŇSKÁ;VÝJEZD TRAM.;256;24 200;1 000;50.0678008N;14.3380039E
5024;PLZEŇSKÁ;KUKULOVA;257;55 000;2 000;50.0677594N;14.3350642E
5025;PLZEŇSKÁ;ZA OPRAVNOU;258;26 500;800;50.0674289N;14.3306867E
5026;PLZEŇSKÁ;JEREMIÁŠOVA;259;42 800;1 700;50.0620019N;14.3098297E
5027;NA RADOSTI;HROZENKOVSKÁ;260;13 200;400;50.0596050N;14.2943375E
5028;NA RADOSTI;HRAN. MĚSTA;261;7 700;400;50.0537639N;14.2794028E
5029;ROZVAD.SPOJ.;BUCHAROVA;262;45 000;1 700;50.0548406N;14.3402153E
5030;SVORNOSTI;VLTAVSKÁ;263;29 900;500;50.0698772N;14.4089442E
5031;STRAKONICKÁ;HOŘEJŠÍ NÁB.;264;28 000;600;50.0665992N;14.4108111E
5032;STRAKONICKÁ;NÁDRAŽNÍ;265;35 600;1 400;50.0500956N;14.4105750E
5033;STRAKONICKÁ;BARRAND.MOST;266;194 400;8 700;50.0405600N;14.4063478E
5034;STRAKONICKÁ;DOSTIHOVÁ;267;56 600;3 500;50.0123314N;14.3940739E
5035;STRAKONICKÁ;VÝPADOVÁ;268;65 400;4 000;49.9956297N;14.3966489E
5036;STRAKONICKÁ;K PŘEHRADÁM;269;127 500;21 800;49.9822892N;14.3946747E
5037;STRAKONICKÁ;KE KRŇOVU;270;51 900;3 800;49.9734856N;14.3783025E
5038;STRAKONICKÁ;HRAN. MĚSTA;271;25 800;1 900;49.9499500N;14.3745689E
5039;K PŘEHRADÁM;U N.GALERIE;272;24 300;1 400;49.9815769N;14.3937722E
5040;ZBRASLAVS.N.;;273;15 300;600;49.9763333N;14.3936864E
5041;MOST Z.MÍRU;RAMPA MOSTU;274;20 700;700;49.9720622N;14.3971089E
5042;MOST Z.MÍRU;BŘEŽAN.ÚDOLÍ;275;20 400;700;49.9719172N;14.4000058E
5043;K PŘEHRADÁM;RAMPA MOSTU;276;18 900;1 200;49.9727489N;14.3965456E
5044;K PŘEHRADÁM;HRAN. MĚSTA;277;4 500;400;49.9606667N;14.3947458E
5046;PODBĚLOHORS.;NA HŘEBENK.;278;8 400;300;50.0729589N;14.3814181E
5047;PODBĚLOHORS.;POD STADIONY;279;11 100;300;50.0749144N;14.3727061E
5048;HOLEČKOVA;ZAPOVA;280;10 200;300;50.0731931N;14.3919108E
5050;POD STADIONY;TURISTICKÁ;281;7 300;200;50.0781644N;14.3846367E
5051;VANÍČKOVA;ATLETICKÁ;282;8 200;200;50.0785500N;14.3878983E
5052;DUŠKOVA;TOMÁŠKOVA;283;19 800;500;50.0716508N;14.3958006E
5053;VRCHLICKÉHO;BROŽÍKOVA;284;21 000;500;50.0710311N;14.3885694E
5054;VRCHLICKÉHO;NA POPELCE;285;20 100;500;50.0702806N;14.3846533E
5055;VRCHLICKÉHO;PRÁCHNEROVA;286;22 100;600;50.0696608N;14.3804156E
5056;VRCHLICKÉHO;JINONICKÁ;287;25 800;700;50.0697642N;14.3778728E
5057;JINONICKÁ;KLIKATÁ;288;21 100;600;50.0589169N;14.3726800E
5058;KLIKATÁ;KARLŠTEJNSKÁ;289;12 800;200;50.0554522N;14.3650089E
5059;JEREMIÁŠOVA;BUCHAROVA;290;32 400;1 200;50.0491556N;14.3526492E
5060;JEREMIÁŠOVA;POD HRANICÍ;291;26 300;600;50.0458900N;14.3417058E
5061;SMÍCHOVSKÁ;JÁCHYMOVSKÁ;292;15 700;400;50.0347411N;14.3140469E
5062;SMÍCHOVSKÁ;ŘEPORYJ.N.;293;15 700;400;50.0332664N;14.3119228E
5063;ŘEPORYJ.N.;NAD NÁMĚSTÍM;294;14 100;300;50.0324806N;14.3124592E
5064;PRAŽ.OKRUH;OŘEŠSKÁ;295;103 000;19 400;50.0252025N;14.2979967E
5066;NA VÁCLAVCE;PEROUTKOVA;296;16 000;400;50.0653486N;14.3894297E
5067;RADLICKÁ;OSTROVSKÉHO;297;36 300;900;50.0686531N;14.4012061E
5068;RADLICKÁ;KŘÍŽOVÁ;298;46 300;1 400;50.0627039N;14.4056517E
5069;RADLICKÁ;TJ MOTORLET;299;27 000;1 000;50.0581581N;14.3893225E
5070;NÁDRAŽNÍ;VLTAVSKÁ;300;26 100;500;50.0695081N;14.4057161E
5071;NÁDRAŽNÍ;MOULÍKOVA;301;6 800;900;50.0601486N;14.4094819E
5072;NÁDRAŽNÍ;NA ZLÍCHOVĚ;302;5 400;800;50.0511317N;14.4095250E
5076;PRAŽ.OKRUH;TŘEBONICE;303;83 000;17 900;50.0320092N;14.2827850E
5079;NA CIKÁNCE;K CEMENTÁRNĚ;304;7 000;500;49.9973308N;14.3421417E
5082;VRÁŽSKÁ;VÝPADOVÁ;305;14 400;800;49.9832817N;14.3620128E
5083;KARLICKÁ;N.OSVOBODIT.;306;18 000;900;49.9833267N;14.3581122E
5084;KARLICKÁ;ZDERAZSKÁ;307;15 000;700;49.9824219N;14.3549539E
5085;ZDERAZSKÁ;HRAN. MĚSTA;308;2 200;100;49.9776556N;14.3371911E
5086;KARLICKÁ;HRAN. MĚSTA;309;5 800;300;49.9737089N;14.3450875E
5087;RADLICKÁ;PUCHMAJEROVA;310;28 500;1 000;50.0550064N;14.3720811E
5088;RADLICKÁ;ZA Ž.DOMOVY;311;17 800;600;50.0680492N;14.4022519E
5089;NÁDRAŽNÍ;ZA Ž.DOMOVY;312;7 600;400;50.0663000N;14.4030461E
5090;HOŘEJŠÍ NÁB.;VLTAVSKÁ;313;31 800;500;50.0700944N;14.4103844E
5091;JEREMIÁŠOVA;ROZVAD.SPOJ.;314;68 100;2 600;50.0533961N;14.3098197E
5092;PRAŽ.OKRUH;DÁLNICE D5;315;131 600;22 100;50.0491417N;14.2741069E
5093;OSTROVSKÉHO;STROUPEŽNIC.;316;20 500;300;50.0690478N;14.4034644E
5094;K BARRANDOVU;POD HABROVOU;317;53 900;2 000;50.0364500N;14.3989153E
5095;K BARRANDOVU;GEOLOGICKÁ;318;50 600;2 000;50.0363811N;14.3881222E
5096;K BARRANDOVU;SLAVÍNSKÉHO;319;47 800;2 000;50.0338589N;14.3829081E
5097;K BARRANDOVU;ŠTĚPAŘSKÁ;320;45 400;2 000;50.0279317N;14.3773719E
5098;K BARRANDOVU;PRAŽ.ČTVRŤ;321;44 300;2 000;50.0261289N;14.3668178E
5099;K BARRANDOVU;K HOLYNI;322;43 400;2 000;50.0243711N;14.3553808E
5100;K BARRANDOVU;KE SMÍCHOVU;323;40 600;2 000;50.0192908N;14.3477203E
5101;PRAŽ.OKRUH;K BARRANDOVU;324;102 000;19 700;50.0163678N;14.3435792E
5103;JEREMIÁŠOVA;OISTRACHOVA;325;22 600;700;50.0439039N;14.3147222E
5104;JEREMIÁŠOVA;JÁCHYMOVSKÁ;326;23 300;700;50.0410100N;14.3187347E
5105;JEREMIÁŠOVA;SMÍCHOVSKÁ;327;26 300;700;50.0398936N;14.3288200E
5106;RADLICKÁ;U TREZORKY;328;32 500;1 100;50.0557533N;14.3773356E
5107;RADLICKÁ;BUTOVICKÁ;329;28 700;1 000;50.0505867N;14.3645039E
5108;CEMENTÁŘSKÁ;POD LOCHKOV.;330;5 700;600;50.0020767N;14.3472736E
5109;STRAKONICKÁ;MEZICHUCHEL.;331;59 900;3 600;50.0213956N;14.3919483E
5110;PLZEŇSKÁ;MAKOVSKÉHO;332;24 200;800;50.0629581N;14.3136064E
5111;DÁLNICE D5;HRAN. MĚSTA;333;30 700;7 000;50.0478586N;14.2568722E
5112;DUŠKOVA;TUN.MRÁZOVKA;334;89 200;3 000;50.0712586N;14.3978500E
5113;DUŠKOVA;MOZARTOVA;335;29 800;800;50.0715803N;14.3968192E
5114;PLZEŇSKÁ;TOMÁŠKOVA;336;20 000;400;50.0724342N;14.3958967E
5115;NA RADOSTI;ŘEVNICKÁ;337;23 300;1 100;50.0515236N;14.2921486E
5116;ROZVAD.SPOJ.;ŘEVNICKÁ;338;59 800;2 600;50.0562906N;14.2870847E
5117;STRAKONICKÁ;U KRÁL.LOUKY;339;32 300;700;50.0629786N;14.4108097E
5118;STRAKONICKÁ;MOULÍKOVA;340;32 700;600;50.0601547N;14.4110994E
5119;JEREMIÁŠOVA;ČERVEŇANS.;341;26 400;600;50.0412306N;14.3341842E
5120;STRAKONICKÁ;DOBŘÍŠSKÁ;342;129 600;4 800;50.0460122N;14.4094150E
5121;NÁDRAŽNÍ;U KRÁL.LOUKY;343;9 700;600;50.0627928N;14.4091575E
5122;RADLICKÁ;KARTOUZSKÁ;344;39 300;800;50.0729986N;14.4007567E
5123;STRAH.TUNEL;KARTOUZSKÁ;345;84 500;2 800;50.0725167N;14.3989328E
5124;TUN.MRÁZOVKA;ODB.RADLICKÁ;346;79 200;2 700;50.0647075N;14.4006494E
5125;RADLICKÁ;TUN.MRÁZOVKA;347;34 500;800;50.0647764N;14.4037822E
5126;TUN.MRÁZOVKA;DOBŘÍŠSKÁ;348;94 000;3 400;50.0619250N;14.4059708E
5127;KŘÍŽOVÁ;DOBŘÍŠSKÁ;349;34 600;1 200;50.0615736N;14.4057564E
5129;E.PŘEMYSLOV.;PAŠKOVA;350;10 400;400;49.9672897N;14.3863708E
5130;NA BANÍCH;FALTYSOVA;351;7 700;300;49.9627458N;14.3817928E
5131;BUCHAROVA;PETRŽÍLKOVA;352;22 800;900;50.0523467N;14.3509869E
5157;U TREZORKY;KLIKATÁ;353;19 700;500;50.0568794N;14.3709211E
5204;KARTOUZSKÁ;TESCO;354;21 700;400;50.0735897N;14.4015856E
5803;PONCAROVA;K ŘEPORYJÍM;355;17 200;1 200;50.0369331N;14.2922828E
5804;PONCAROVA;K TŘEBONICŮM;356;19 000;1 200;50.0377050N;14.2979478E
5903;JEREMIÁŠOVA;PONCAROVA;357;35 300;1 500;50.0452361N;14.3084406E
5908;PRAŽ.OKRUH;LOCHKOV;358;65 100;17 900;50.0053411N;14.3415711E
5976;PRAŽ.OKRUH;PONCAROVA;359;97 200;19 400;50.0304344N;14.2847511E
6001;EVROPSKÁ;GYMNASIJNÍ;360;36 000;1 100;50.1001619N;14.3872975E
6002;EVROPSKÁ;ŠÁRECKÁ;361;32 400;1 100;50.1000672N;14.3853139E
6003;EVROPSKÁ;U HADOVKY;362;31 000;1 100;50.0995247N;14.3755633E
6004;EVROPSKÁ;STARODEJVIC.;363;40 900;1 200;50.0992425N;14.3720767E
6005;EVROPSKÁ;NA PÍSKÁCH;364;39 100;1 200;50.0990186N;14.3700353E
6006;EVROPSKÁ;HOROMĚŘICKÁ;365;40 700;1 300;50.0986783N;14.3650169E
6007;EVROPSKÁ;ETIOPSKÁ;366;31 600;1 000;50.0972467N;14.3547603E
6008;EVROPSKÁ;ALŽÍRSKÁ;367;31 600;1 000;50.0967650N;14.3519922E
6009;EVROPSKÁ;VELESLAVÍNS.;368;36 300;1 400;50.0958978N;14.3472286E
6010;EVROPSKÁ;GARÁŽE MV;369;35 100;1 400;50.0940394N;14.3369075E
6011;EVROPSKÁ;VOZOVNA TRAM;370;34 400;1 400;50.0931722N;14.3310281E
6012;EVROPSKÁ;SMYČKA TRAM.;371;35 000;1 400;50.0926214N;14.3259639E
6013;EVROPSKÁ;LIBOCKÁ;372;38 600;1 500;50.0924758N;14.3239517E
6014;PRAŽ.OKRUH;EVROPSKÁ;373;90 300;9 400;50.0938467N;14.2992064E
6015;LIPSKÁ;DO HOROMĚŘIC;374;75 100;8 900;50.1018578N;14.2952581E
6016;LIPSKÁ;AVIATICKÁ;375;75 300;8 400;50.1152614N;14.2849156E
6017;AVIATICKÁ;LETIŠTĚ;376;18 900;800;50.1095922N;14.2749592E
6018;M.HORÁKOVÉ;SMYČKA TRAM.;377;19 900;600;50.0979831N;14.4104214E
6019;ŠPEJCHAR;;378;27 600;700;50.0976872N;14.4075353E
6020;M.HORÁKOVÉ;R.DEJVIC.T.;379;28 100;800;50.0982653N;14.4117625E
6021;PRAŠNÝ MOST;;380;49 200;1 500;50.0949478N;14.3968708E
6022;M.HORÁKOVÉ;U BRUSNICE;381;35 000;1 100;50.0945211N;14.3919786E
6023;PATOČKOVA;STŘEŠOVICKÁ;382;34 200;900;50.0928281N;14.3873867E
6024;STŘEŠOVICKÁ;V PRŮHLEDU;383;30 500;600;50.0929519N;14.3726022E
6025;NA PETŘINÁCH;VELESLAVÍNS.;384;27 200;700;50.0914789N;14.3577322E
6026;NA PETŘINÁCH;ANKARSKÁ;385;27 100;500;50.0898819N;14.3515094E
6027;NA PETŘINÁCH;BRUNCLÍKOVA;386;12 200;200;50.0879958N;14.3441281E
6028;LIBOCKÁ;U HVĚZDY;387;17 300;400;50.0848981N;14.3379911E
6029;LIBOCKÁ;RUZYŇSKÁ;388;15 200;400;50.0887256N;14.3255886E
6030;DRNOVSKÁ;STOCHOVSKÁ;389;15 000;600;50.0829017N;14.3104608E
6031;ANKARSKÁ;NA VYPICHU;390;24 400;500;50.0810428N;14.3447503E
6032;KUKULOVA;PODBĚLOHORS.;391;31 100;1 000;50.0779169N;14.3470892E
6033;PATOČKOVA;MYSLBEKOVA;392;26 300;700;50.0910797N;14.3855411E
6034;PATOČKOVA;POD KRÁLOVK.;393;49 800;1 800;50.0873900N;14.3784386E
6035;PATOČKOVA;POD DRINOP.;394;37 800;1 400;50.0865433N;14.3715722E
6036;BĚLOHORSKÁ;PATOČKOVA;395;37 700;1 400;50.0831564N;14.3579467E
6037;BĚLOHORSKÁ;TOMANOVA;396;38 600;1 300;50.0803336N;14.3493422E
6038;SLÁNSKÁ;BAZOVSKÉHO;397;21 700;1 000;50.0680733N;14.3098353E
6039;BĚLOHORSKÁ;KUKULOVA;398;60 400;2 200;50.0791356N;14.3441494E
6040;KARLOVARSKÁ;ZLIČÍNSKÁ;399;28 100;1 600;50.0754378N;14.3237047E
6041;KARLOVARSKÁ;SLÁNSKÁ;400;46 000;2 500;50.0762228N;14.3101219E
6042;KARLOVARSKÁ;DRNOVSKÁ;401;44 300;2 300;50.0771456N;14.3042211E
6043;KARLOVARSKÁ;HRAN. MĚSTA;402;5 700;400;50.0742122N;14.2914753E
6044;BĚLOHORSKÁ;MYSLBEKOVA;403;16 700;300;50.0861092N;14.3844514E
6045;BĚLOHORSKÁ;VANÍČKOVA;404;17 600;300;50.0857581N;14.3830675E
6046;BĚLOHORSKÁ;POD KRÁLOVK.;405;12 900;300;50.0851456N;14.3790011E
6047;SLÁNSKÁ;ŽALANSKÉHO;406;24 700;1 100;50.0732619N;14.3101219E
6049;BADENIHO;NA VALECH;407;10 500;200;50.0968556N;14.4080128E
6051;KORUNOVAČNÍ;POD KAŠTANY;408;22 900;400;50.1028836N;14.4121669E
6052;POD KAŠTANY;PELLÉOVA;409;18 800;300;50.0995114N;14.4071458E
6053;ČS. ARMÁDY;BUBENEČSKÁ;410;16 600;300;50.1000897N;14.4041631E
6054;N.SVOBODY;;411;18 600;300;50.1007917N;14.3996786E
6055;VÍTĚZNÉ N.;;412;42 900;1 300;50.1005850N;14.3954514E
6056;JUG.PARTYZ.;ZELENÁ;413;15 100;700;50.1070261N;14.3946358E
6057;JUG.PARTYZ.;ČÍNSKÁ;414;18 000;800;50.1087325N;14.3944858E
6059;TERRONSKÁ;PODBABSKÁ;415;20 700;800;50.1105217N;14.3941208E
6060;PODBABSKÁ;V PODBABĚ;416;26 900;800;50.1168236N;14.3919967E
6061;ROZTOCKÁ;KAMÝCKÁ;417;26 200;800;50.1264128N;14.3987558E
6062;KAMÝCKÁ;SUCHDOLSKÁ;418;15 000;400;50.1304708N;14.3820189E
6063;KAMÝCKÁ;HRAN. MĚSTA;419;6 400;200;50.1386819N;14.3647669E
6064;ROZTOCKÁ;HRAN. MĚSTA;420;4 500;200;50.1421203N;14.3962239E
6069;HOROMĚŘICKÁ;NEBUŠICKÁ;421;6 500;400;50.1081958N;14.3538664E
6070;HOROMĚŘICKÁ;HRAN. MĚSTA;422;2 200;200;50.1214053N;14.3548533E
6072;TUCHOMĚŘICKÁ;K TUCHOMĚŘ.;423;11 000;800;50.1145533N;14.3111228E
6073;PODBABSKÁ;PAPÍRENSKÁ;424;30 400;900;50.1134742N;14.3943311E
6074;LIPSKÁ;HRAN. MĚSTA;425;23 900;3 600;50.1183483N;14.2792594E
6075;PATOČKOVA;STRAH.TUNEL;426;121 700;4 400;50.0877389N;14.3810544E
6076;PRAŽ.OKRUH;KARLOVARSKÁ;427;105 100;12 400;50.0754844N;14.2898381E
6077;PEVNOSTNÍ;NA OŘECHOVCE;428;15 600;300;50.0948425N;14.3904317E
6078;NA OŘECHOVCE;V PRŮHLEDU;429;14 600;200;50.0960539N;14.3724714E
6079;KAMÝCKÁ;INTERNACION.;430;13 500;400;50.1331894N;14.3767350E
6080;M.HORÁKOVÉ;U VORLÍKŮ;431;21 600;600;50.0982378N;14.4114272E
6081;SVATOVÍTSKÁ;GEN. PÍKY;432;30 800;900;50.0981828N;14.3955486E
6082;SIBIŘSKÉ N.;;433;11 000;200;50.1048717N;14.4056122E
6083;DO HOROMĚŘIC;HRAN. MĚSTA;434;5 300;400;50.1041786N;14.2991742E
6142;KARLOVARSKÁ;NA HŮRCE;435;37 100;1 700;50.0768306N;14.2954981E
6143;SILNICE I/6;HRAN. MĚSTA;436;23 100;2 600;50.0819222N;14.2832142E
7001;KORUNOVAČNÍ;SLÁDKOVA;437;22 700;400;50.1005981N;14.4193153E
7002;M.HORÁKOVÉ;KORUNOVAČNÍ;438;46 000;900;50.0998225N;14.4215828E
7003;M.HORÁKOVÉ;VELETRŽNÍ;439;23 300;400;50.0997536N;14.4216472E
7004;VELETRŽNÍ;OVENECKÁ;440;22 100;400;50.1005314N;14.4239108E
7005;VELETRŽNÍ;KAMENICKÁ;441;24 300;400;50.1010544N;14.4268292E
7006;VELETRŽNÍ;STROJNICKÁ;442;24 100;400;50.1012264N;14.4280844E
7007;VELETRŽNÍ;DUKEL.HRDINŮ;443;26 600;400;50.1020936N;14.4329553E
7008;VELETRŽNÍ;BUBENSKÁ;444;28 100;500;50.1027956N;14.4370000E
7009;DUKEL.HRDINŮ;U VÝSTAVIŠTĚ;445;15 000;300;50.1038208N;14.4317536E
7010;U VÝSTAVIŠTĚ;BUBENSKÁ;446;17 200;400;50.1063944N;14.4352514E
7011;PARTYZÁNSKÁ;NA ZÁTORÁCH;447;16 400;500;50.1079908N;14.4369250E
7012;PLYNÁRNÍ;JANKOVCOVA;448;9 200;300;50.1081008N;14.4419889E
7013;ARGENTINSKÁ;PLYNÁRNÍ;449;54 600;1 500;50.1081008N;14.4419889E
7014;PLYNÁRNÍ;OSADNÍ;450;6 500;300;50.1078394N;14.4467956E
7015;PLYNÁRNÍ;KOMUNARDŮ;451;12 100;400;50.1076467N;14.4494883E
7016;DĚLNICKÁ;KOMUNARDŮ;452;8 100;300;50.1032564N;14.4499928E
7017;DĚLNICKÁ;JANKOVCOVA;453;19 500;600;50.1034011N;14.4559258E
7018;ARGENTINSKÁ;JANKOVCOVA;454;56 500;1 800;50.1095114N;14.4441911E
7019;PELC-TYROLKA;;455;130 000;5 400;50.1161619N;14.4437458E
7020;PARTYZÁNSKÁ;VRBENSKÉHO;456;25 400;600;50.1093142N;14.4375303E
7021;NÁB.E.BENEŠE;ČECHŮV MOST;457;24 600;800;50.0938869N;14.4164911E
7022;NÁB.K.JAROŠE;ŠTEFÁNIK.M.;458;35 500;1 200;50.0954461N;14.4267481E
7023;NÁB.K.JAROŠE;DUKEL.HRDINŮ;459;23 400;700;50.0966917N;14.4325200E
7024;DUKEL.HRDINŮ;KOSTELNÍ;460;8 100;200;50.0977722N;14.4332389E
7025;STROSSM.N.;;461;6 800;200;50.0988872N;14.4332925E
7026;BUBENSKÁ;ANTONÍNSKÁ;462;21 400;400;50.1005458N;14.4373750E
7027;HLÁVKŮV MOST;NÁB.K.JAROŠE;463;77 500;1 900;50.0977500N;14.4370825E
7028;BUBEN.NÁBŘ.;ARGENTINSKÁ;464;29 400;600;50.0984519N;14.4430586E
7029;ARGENTINSKÁ;DĚLNICKÁ;465;47 500;1 100;50.1030903N;14.4432625E
7030;TROJSKÁ;POD LISEM;466;17 700;200;50.1173569N;14.4331369E
7031;TROJSKÁ;U TROJ.ZÁMKU;467;12 200;200;50.1171278N;14.4119636E
7032;BUBEN.NÁBŘ.;TRAMVAJ.TRAŤ;468;47 600;1 000;50.0983739N;14.4405400E
7033;ARGENTINSKÁ;JATEČNÍ;469;47 100;1 100;50.1008481N;14.4432383E
7034;BUBENSKÁ;ŽELEZNIČÁŘŮ;470;13 500;500;50.1050631N;14.4362056E
7035;VRBENSKÉHO;OSADNÍ;471;15 900;600;50.1086858N;14.4471731E
7036;VRBENSKÉHO;BONDYHO;472;18 300;600;50.1096561N;14.4420553E
7037;JATEČNÍ;KOMUNARDŮ;473;12 900;400;50.1006692N;14.4500914E
7115;U PRŮHONU;JANKOVCOVA;474;10 700;400;50.1052333N;14.4555094E
7129;DĚLNICKÁ;OSADNÍ;475;10 600;200;50.1031894N;14.4469103E
7920;BUBENEČ.TUN.;TROJSKÝ MOST;476;105 900;4 000;50.1137308N;14.4354786E
8001;KE ŠTVANICI;RAMPA MOSTU;477;28 300;900;50.0923208N;14.4383800E
8002;SOKOLOVSKÁ;KE ŠTVANICI;478;12 300;600;50.0910061N;14.4382192E
8008;SOKOLOVSKÁ;U RUSTONKY;479;31 100;900;50.0993206N;14.4690861E
8009;SOKOLOVSKÁ;ZENKLOVA;480;21 300;600;50.1015914N;14.4735814E
8010;SOKOLOVSKÁ;U BALABENKY;481;21 300;600;50.1036422N;14.4797075E
8011;KŘIŽÍKOVA;KE ŠTVANICI;482;13 100;800;50.0899806N;14.4395281E
8012;KŘIŽÍKOVA;PRVNÍHO PLK.;483;10 700;600;50.0906550N;14.4428111E
8017;PRVNÍHO PLK.;PERNEROVA;484;14 800;600;50.0889550N;14.4433153E
8018;LIBEŇ.MOST;VOCTÁŘOVA;485;29 500;900;50.1034978N;14.4688500E
8021;ZENKLOVA;VOCTÁŘOVA;486;19 700;600;50.1071242N;14.4724764E
8022;ZENKLOVA;PROSECKÁ;487;18 200;500;50.1117067N;14.4748258E
8023;PROSECKÁ;HEJTMÁNKOVA;488;35 600;1 100;50.1118075N;14.4762200E
8024;ZENKLOVA;HEJTMÁNKOVA;489;22 100;700;50.1125403N;14.4758767E
8025;ZENKLOVA;VOSMÍKOVÝCH;490;25 700;800;50.1144772N;14.4741278E
8026;ZENKLOVA;N.NA STRÁŽI;491;26 500;900;50.1159253N;14.4684417E
8027;VYCHOVATELNA;;492;116 900;4 700;50.1166447N;14.4649231E
8028;ZENKLOVA;NAD ŠUTKOU;493;29 100;700;50.1217617N;14.4552439E
8029;KOBYLISKÉ N.;;494;38 600;1 200;50.1239389N;14.4522131E
8030;KLAPKOVA;HORŇÁTECKÁ;495;20 800;800;50.1325861N;14.4530578E
8031;KLAPKOVA;ŽERNOSECKÁ;496;29 900;1 100;50.1334939N;14.4538625E
8032;ÚSTECKÁ;SPOŘICKÁ;497;26 700;1 100;50.1467514N;14.4503328E
8033;ÚSTECKÁ;HRAN. MĚSTA;498;9 800;400;50.1577644N;14.4519528E
8034;ČIMICKÁ;K PAZDERKÁM;499;19 300;400;50.1273661N;14.4316217E
8035;ČIMICKÁ;ÚSTAVNÍ;500;12 900;200;50.1326200N;14.4299589E
8037;LODŽSKÁ;K PAZDERKÁM;501;9 700;200;50.1252125N;14.4167589E
8038;ČIMICKÁ;NA ZÁMKÁCH;502;9 400;200;50.1415667N;14.4306311E
8039;KLAPKOVA;STŘELNIČNÁ;503;14 400;600;50.1253675N;14.4573031E
8040;STŘELNIČNÁ;DAVÍDKOVA;504;23 900;900;50.1267842N;14.4725756E
8041;STŘELNIČNÁ;ĎÁBLICKÁ;505;36 200;1 200;50.1290542N;14.4805953E
8042;ĎÁBLICKÁ;ŽERNOSECKÁ;506;21 700;500;50.1334933N;14.4781383E
8043;ĎÁBLICKÁ;KOSTELECKÁ;507;16 700;700;50.1485969N;14.4863622E
8044;NA HLAVNÍ;HRAN. MĚSTA;508;8 400;300;50.1724025N;14.4839319E
8046;LIBERECKÁ;VYSOČANSKÁ;509;121 900;5 100;50.1284178N;14.4855306E
8047;N.NA STRÁŽI;VOSMÍKOVÝCH;510;20 400;600;50.1162083N;14.4689797E
8048;LIBERECKÁ;DAVÍDKOVA;511;93 500;4 200;50.1179742N;14.4690083E
8049;NÁB.L.SVOB.;KE ŠTVANICI;512;46 700;1 200;50.0939553N;14.4382369E
8050;K PAZDERKÁM;DUNAJECKÁ;513;10 100;200;50.1256014N;14.4264658E
8051;LIBERECKÁ;CÍNOVECKÁ;514;143 800;18 600;50.1325756N;14.4905331E
8052;CÍNOVECKÁ;ĎÁBLICKÁ;515;92 100;16 000;50.1571350N;14.4851981E
8053;CÍNOVECKÁ;HRAN. MĚSTA;516;38 000;7 800;50.1655272N;14.4685897E
8054;ZENKLOVA;PRIMÁTORSKÁ;517;16 700;400;50.1141064N;14.4713150E
8055;POVLTAVSKÁ;ČUPROVA;518;49 200;1 500;50.1109208N;14.4770228E
8056;PROSECKÁ;FRAN.KADLECE;519;19 800;800;50.1123622N;14.4785594E
8058;ROHAN.NÁBŘ.;U NÁDR.LÁVKY;520;33 600;800;50.0937311N;14.4460419E
8059;ÚSTECKÁ;K LÁDVÍ;521;29 100;1 000;50.1353903N;14.4522719E
8060;ČIMICKÁ;K LÁDVÍ;522;17 500;300;50.1359542N;14.4300203E
8061;ROHAN.NÁBŘ.;ŠALDOVA;523;33 600;800;50.0955425N;14.4543747E
8062;ROHAN.NÁBŘ.;U RUSTONKY;524;42 900;1 200;50.1002500N;14.4664769E
8063;ĎÁBLICKÁ;HŘENSKÁ;525;10 800;200;50.1405064N;14.4803600E
9001;BALABENKA;;526;44 000;1 000;50.1045364N;14.4822856E
9002;HARFA;;527;43 800;1 100;50.1019261N;14.5031978E
9003;PODĚBRADSKÁ;PODKOVÁŘSKÁ;528;27 900;800;50.1028736N;14.5130611E
9004;PODĚBRADSKÁ;U ELEKTRY;529;28 200;800;50.1035547N;14.5198203E
9005;PODĚBRADSKÁ;NADEMLEJNSKÁ;530;29 300;800;50.1041603N;14.5279850E
9006;PODĚBRADSKÁ;KBELSKÁ;531;70 000;5 000;50.1048622N;14.5312250E
9007;PODĚBRADSKÁ;HLOUBĚTÍNSKÁ;532;23 300;600;50.1058119N;14.5349694E
9008;PODĚBRADSKÁ;SLÉVAČSKÁ;533;22 600;600;50.1065894N;14.5437994E
9009;PODĚBRADSKÁ;ČERNÝ MOST;534;44 100;2 100;50.1071056N;14.5526292E
9010;PRAŽ.OKRUH;CHLUMECKÁ;535;111 200;17 600;50.1104083N;14.5846225E
9011;NÁCHODSKÁ;STOLIŇSKÁ;536;25 500;800;50.1123622N;14.5942786E
9012;NÁCHODSKÁ;JÍVANSKÁ;537;17 400;800;50.1153894N;14.6129253E
9013;NÁCHODSKÁ;VE ŽLÍBKU;538;28 300;1 800;50.1174947N;14.6256067E
9014;NÁCHODSKÁ;BÁRTLOVA;539;17 200;800;50.1180864N;14.6312394E
9015;NÁCHODSKÁ;HRAN. MĚSTA;540;7 700;400;50.1189736N;14.6484806E
9016;VYSOČAN.N.;;541;40 200;1 200;50.1006544N;14.4908686E
9017;SPOJOVACÍ;K ŽIŽKOVU;542;40 800;1 200;50.0991022N;14.4937386E
9018;JANDOVA;KE KLÍČOVU;543;15 100;300;50.1126856N;14.5024964E
9019;VYSOČANSKÁ;PROSECKÁ;544;37 400;1 200;50.1185025N;14.4991169E
9020;VYSOČANSKÁ;TEPLICKÁ;545;35 400;600;50.1267225N;14.4883236E
9021;SOKOLOVSKÁ;NA ROZCESTÍ;546;15 500;200;50.1051272N;14.4839786E
9022;SOKOLOVSKÁ;K MORAVINĚ;547;16 100;200;50.1082925N;14.4929586E
9023;SOKOLOVSKÁ;NA BŘEHU;548;16 100;200;50.1094689N;14.4964025E
9024;NÁMĚSTÍ OSN;;549;33 500;1 000;50.1006544N;14.4908686E
9026;KOLBENOVA;KBELSKÁ;550;62 700;5 900;50.1100153N;14.5313386E
9027;KBELSKÁ;NOVOPACKÁ;551;99 800;16 500;50.1143706N;14.5257383E
9028;MLADOBOLESL.;ČAKOVICKÁ;552;104 400;16 200;50.1187183N;14.5177131E
9029;MLADOBOLESL.;VRCHLABSKÁ;553;21 600;1 000;50.1303431N;14.5468847E
9030;MLADOBOLESL.;HORNOPOČERN.;554;12 700;700;50.1307542N;14.5509914E
9031;MLADOBOLESL.;BOHDANEČSKÁ;555;9 400;500;50.1433967N;14.5789722E
9032;MLADOBOLESL.;HRAN. MĚSTA;556;4 900;200;50.1539053N;14.5944161E
9033;PRAŽ.OKRUH;DÁLNICE D11;557;117 600;22 900;50.0988244N;14.5966050E
9034;SEMILSKÁ;TOUŽIMSKÁ;558;;300;50.1350867N;14.5472344E
9035;SEMILSKÁ;BOHDANEČSKÁ;559;8 300;200;50.1480067N;14.5454497E
9036;K DUBČI;POD JANKOVEM;560;12 700;300;50.0623522N;14.6286342E
9039;PROSECKÁ;ČAKOVICKÁ;561;27 700;1 000;50.1195753N;14.5011900E
9040;PROSECKÁ;KBELSKÁ;562;83 100;15 400;50.1237303N;14.5093653E
9041;BERANOVÝCH;TOUŽIMSKÁ;563;16 700;11 400;50.1372517N;14.5166181E
9042;ZA AVIÍ;CUKROVARSKÁ;564;20 300;800;50.1506042N;14.5129703E
9043;CUKROVARSKÁ;SCHOELLEROVA;565;15 200;600;50.1516697N;14.5225189E
9044;SCHOELLEROVA;NA ZLATÉ;566;4 600;200;50.1632247N;14.5241739E
9045;SCHOELLEROVA;HRAN. MĚSTA;567;2 600;100;50.1747389N;14.5191153E
9046;NÁM.J.BERANA;;568;8 300;300;50.1513264N;14.5278783E
9047;DÁLNICE D11;HRAN. MĚSTA;569;29 900;6 000;50.1227836N;14.7075611E
9048;VE ŽLÍBKU;BOŽANOVSKÁ;570;10 900;1 000;50.0990169N;14.6255314E
9049;ROŽMBERSKÁ;BROUMARSKÁ;571;19 700;600;50.0942247N;14.5468028E
9051;ČESKOBRODSKÁ;POD TÁBOREM;572;36 800;1 600;50.0923547N;14.5129247E
9052;PRŮMYSLOVÁ;ČESKOBR.SEV.;573;46 600;4 600;50.0930431N;14.5288892E
9053;ČESKOBRODSKÁ;PRŮMYSLOVÁ;574;31 300;1 500;50.0924031N;14.5325800E
9054;PRŮMYSLOVÁ;ČESKOBR.JIH;575;51 900;5 300;50.0919625N;14.5348008E
9055;ČESKOBRODSKÁ;ROŽMBERSKÁ;576;22 500;1 200;50.0919194N;14.5351925E
9056;ČESKOBRODSKÁ;BROUMARSKÁ;577;26 600;1 100;50.0895792N;14.5471122E
9057;ČESKOBRODSKÁ;LOMNICKÁ;578;15 700;800;50.0876361N;14.5630819E
9058;ČESKOBRODSKÁ;NÁROD.HRDINŮ;579;20 200;900;50.0858464N;14.5755275E
9059;ČESKOBRODSKÁ;DO ŘÍČAN;580;30 100;1 500;50.0805728N;14.6045275E
9060;ČESKOBRODSKÁ;ML.BĚCHOVIC;581;30 800;1 600;50.0810411N;14.6163614E
9061;STAROKOLÍN.;STAROKLÁNOV.;582;26 500;1 200;50.0763928N;14.6593578E
9062;NOVOSIBŘIN.;ZAŘÍČANSKÁ;583;18 700;900;50.0754425N;14.6647653E
9063;NOVOSIBŘIN.;HRAN. MĚSTA;584;8 200;400;50.0721236N;14.6906431E
9064;SLAVĚTÍNSKÁ;HRAN. MĚSTA;585;5 500;200;50.0873769N;14.6652872E
9065;NOVOPACKÁ;VE ŽLÍBKU;586;75 900;8 800;50.1274239N;14.6218425E
9066;BERANOVÝCH;TUPOLEVOVA;587;23 000;700;50.1287314N;14.5109517E
9067;KOSTELECKÁ;TUPOLEVOVA;588;32 200;1 400;50.1287314N;14.5109517E
9068;NOVOPACKÁ;HRAN. MĚSTA;589;29 800;3 700;50.1284542N;14.6250350E
9069;TUPOLEVOVA;VESELSKÁ;590;38 300;1 600;50.1423797N;14.5051294E
9070;SPOJOVACÍ;R.SOKOLOVSKÁ;591;27 800;700;50.1040311N;14.4811719E
9071;ČUPROVA;NA ŽERTVÁCH;592;49 500;1 300;50.1063125N;14.4809253E
9072;PRAŽ.OKRUH;ČESKOBRODSKÁ;593;94 600;17 400;50.0815961N;14.5933017E
9073;KOLBENOVA;TRAMVAJ.TRAŤ;594;17 900;1 000;50.1100625N;14.5281564E
9074;VŠETATSKÁ;CUKROVARSKÁ;595;7 900;200;50.1510283N;14.5424461E
9075;SEMILSKÁ;DO PŘEZLETIC;596;10 400;200;50.1490144N;14.5442108E
9076;DO PŘEZLETIC;HRAN. MĚSTA;597;800;0;50.1561272N;14.5626717E
9080;NÁCHODSKÁ;BYSTRÁ;598;21 900;800;50.1135800N;14.6018275E
9081;K BĚCHOVICŮM;V LIPÁCH;599;10 100;300;50.0625111N;14.6425961E
9082;PODZÁMECKÁ;KOUNOVSKÁ;600;3 100;100;50.0600133N;14.6447203E
9083;CHLUMECKÁ;OCELKOVA;601;50 200;2 200;50.1098547N;14.5748756E
9084;CHLUMECKÁ;BROUMARSKÁ;602;47 200;2 100;50.1066208N;14.5574736E
9085;BROUMARSKÁ;CÍGLEROVA;603;14 600;400;50.1060083N;14.5572053E
9086;BROUMARSKÁ;SKLENSKÁ;604;18 200;500;50.1028189N;14.5567547E
9088;CHLUMECKÁ;OBCHODNÍ CČM;605;61 600;2 600;50.1094933N;14.5844136E
9089;OBCHODNÍ CČM;STOLIŇSKÁ;606;21 200;400;50.1067903N;14.5906447E
9090;ČAKOVICKÁ;LETŇANSKÁ;607;18 000;700;50.1186961N;14.5084850E
9091;PROSECKÁ;LOVOSICKÁ;608;24 500;500;50.1227958N;14.5072297E
9092;PROSECKÁ;LETŇANSKÁ;609;22 800;800;50.1236558N;14.5094828E
9093;PROSECKÁ;KBELSKÁ;610;21 200;700;50.1254717N;14.5125833E
9094;PROSECKÁ;TUPOLEVOVA;611;23 700;800;50.1273633N;14.5149436E
9095;CÍNOVECKÁ;KOSTELECKÁ;612;106 800;16 700;50.1486461N;14.4946983E
9096;ČESKOBRODSKÁ;DO PANENEK;613;25 600;1 000;50.0801839N;14.6240881E
9097;NOVOPACKÁ;BUDOVATELSKÁ;614;59 600;12 400;50.1191364N;14.5638781E
9098;PRAŽ.OKRUH;NOVOPACKÁ;615;101 500;18 700;50.1193978N;14.5889833E
9099;SLAVĚTÍNSKÁ;SMRŽOVSKÁ;616;11 600;400;50.0953144N;14.6690778E
9120;LOVOSICKÁ;ČESKOLIPSKÁ;617;13 400;200;50.1263578N;14.5018053E
9121;LOVOSICKÁ;NOVOBORSKÁ;618;13 000;200;50.1288133N;14.4964444E
9128;MLADOBOLESL.;BELADOVA;619;22 100;1 100;50.1197142N;14.5202975E
9129;MLADOBOLESL.;POLANECKÉHO;620;20 300;1 200;50.1283950N;14.5418408E
9134;TOUŽIMSKÁ;POLANECKÉHO;621;12 900;500;50.1352722N;14.5351892E
9136;K BĚCHOVICŮM;K DUBČI;622;13 300;300;50.0659800N;14.6395081E
9202;FREYOVA;OCELÁŘSKÁ;623;16 200;400;50.1057475N;14.5025733E
10001;VRŠOVICKÁ;U VRŠ.NÁDR.;624;12 500;400;50.0659817N;14.4485886E
10002;VRŠOVICKÁ;PETROHRADSKÁ;625;16 800;500;50.0660644N;14.4521719E
10003;VRŠOVICKÁ;SPORTOVNÍ;626;16 200;500;50.0663378N;14.4552969E
10004;VRŠOVICKÁ;MINSKÁ;627;16 800;500;50.0665258N;14.4566889E
10005;VRŠOVICKÁ;MOSKEVSKÁ;628;17 500;500;50.0672419N;14.4603367E
10006;VRŠOVICKÁ;KODAŇSKÁ;629;20 900;600;50.0687569N;14.4670636E
10007;VRŠOVICKÁ;BĚLOCERKEVS.;630;43 100;1 200;50.0691842N;14.4689947E
10008;VRŠOVICKÁ;LITEVSKÁ;631;12 800;500;50.0706978N;14.4774817E
10009;V OLŠINÁCH;POD RAPIDEM;632;24 600;600;50.0713808N;14.4852919E
10010;V OLŠINÁCH;PRŮBĚŽNÁ;633;28 700;700;50.0716700N;14.4871372E
10011;V OLŠINÁCH;STAROSTRAŠN.;634;15 900;400;50.0724964N;14.4921156E
10012;V OLŠINÁCH;SOLIDARITY;635;14 000;400;50.0730333N;14.4997544E
10013;V OLŠINÁCH;ÚVALSKÁ;636;27 900;900;50.0735431N;14.5079942E
10014;ÚVALSKÁ;V RYBNÍČKÁCH;637;18 200;400;50.0704994N;14.5085092E
10015;BENEŠOVSKÁ;U ZDR.ÚSTAVU;638;31 000;900;50.0741483N;14.4678361E
10017;BĚLOCERKEVS.;28.PLUKU;639;24 600;600;50.0720758N;14.4709367E
10019;BOHDALECKÁ;U VRŠ.HŘBIT.;640;33 900;1 000;50.0613600N;14.4697350E
10020;VINOHRADSKÁ;POČERNICKÁ;641;23 400;700;50.0775017N;14.4834250E
10021;VINOHRADSKÁ;STAROSTRAŠN.;642;15 400;600;50.0768125N;14.4892356E
10022;ČERNOKOSTEL.;TUKLATSKÁ;643;15 400;600;50.0773228N;14.4997758E
10023;ČERNOKOSTEL.;ÚVALSKÁ;644;31 800;1 500;50.0777231N;14.5074247E
10024;ČERNOKOSTEL.;SMYČKA TRAM.;645;27 700;1 400;50.0778872N;14.5094747E
10025;ČERNOKOSTEL.;DŘEVČICKÁ;646;35 200;1 800;50.0778736N;14.5119639E
10026;ČERNOKOSTEL.;PRŮMYSLOVÁ;647;66 200;6 600;50.0713322N;14.5374983E
10027;ČERNOKOSTEL.;ÚSTŘEDNÍ;648;28 300;1 300;50.0695831N;14.5428200E
10028;KUTNOHORSKÁ;DOLNOMĚCHOL.;649;13 200;1 100;50.0590853N;14.5593236E
10029;KUTNOHORSKÁ;K MĚCHOLUPŮM;650;18 700;2 000;50.0518939N;14.5671128E
10030;PŘÁTELSTVÍ;PODLESKÁ;651;24 700;2 500;50.0385894N;14.5893750E
10031;PŘÁTELSTVÍ;U ST.MLÝNA;652;21 800;1 700;50.0294514N;14.6013483E
10032;PŘÁTELSTVÍ;K NETLUKÁM;653;19 900;1 700;50.0315878N;14.6087083E
10033;PŘÁTELSTVÍ;HRAN. MĚSTA;654;6 200;900;50.0210697N;14.6280203E
10035;RUSKÁ;MOSKEVSKÁ;655;11 000;200;50.0720533N;14.4508228E
10036;RUSKÁ;NORSKÁ;656;8 800;200;50.0723289N;14.4552431E
10037;RUSKÁ;BĚLOCERKEVS.;657;38 800;900;50.0735269N;14.4701347E
10038;RUSKÁ;LITEVSKÁ;658;13 900;200;50.0738300N;14.4758853E
10039;RUSKÁ;MURMAŇSKÁ;659;12 000;200;50.0728383N;14.4819794E
10040;PRŮBĚŽNÁ;V KORYTECH;660;23 300;700;50.0676325N;14.4939528E
10041;PRŮBĚŽNÁ;NA PADESÁTÉM;661;23 100;600;50.0645097N;14.5051264E
10042;ŠVEHLOVA;TOPOLOVÁ;662;18 000;600;50.0602769N;14.5072136E
10043;ŠVEHLOVA;PRÁČSKÁ;663;28 500;800;50.0543256N;14.5178136E
10044;ŠVEHLOVA;PRAŽSKÁ;664;38 000;1 300;50.0529753N;14.5224486E
10045;ŠVEHLOVA;HOSTIVAŘSKÁ;665;36 200;1 700;50.0523142N;14.5304736E
10046;HORNOMĚCHOL.;PLUKOV.MRÁZE;666;19 400;900;50.0487042N;14.5430908E
10047;HORNOMĚCHOL.;MILÁNSKÁ;667;18 200;1 100;50.0478911N;14.5553431E
10048;NOVOPETROV.;HORNOMĚCHOL.;668;27 700;1 500;50.0361225N;14.5672092E
10049;PRŮMYSLOVÁ;KE KABLU;669;34 100;2 800;50.0622606N;14.5369111E
10050;V KORYTECH;JABLOŇOVÁ;670;12 400;200;50.0566953N;14.4938456E
10051;POČERNICKÁ;NA PALOUKU;671;10 500;200;50.0803683N;14.4875597E
10052;POČERNICKÁ;HOSTÝNSKÁ;672;11 700;200;50.0810017N;14.4940400E
10053;POČERNICKÁ;LIMUZSKÁ;673;11 900;300;50.0828881N;14.5077728E
10054;POČERNICKÁ;DŘEVČICKÁ;674;23 100;1 000;50.0833975N;14.5105622E
10055;MALEŠICKÁ;DŘEVČICKÁ;675;19 700;700;50.0845883N;14.5108950E
10056;PRÁČSKÁ;TOPOLOVÁ;676;12 000;300;50.0534272N;14.5080197E
10057;ÚSTŘEDNÍ;K LESÍKU;677;11 100;500;50.0726794N;14.5558153E
10058;V KŘÍŽKÁCH;STARODUBEČ.;678;15 700;300;50.0637200N;14.5926903E
10059;NETLUCKÁ;KE KŘÍŽKÁM;679;18 500;500;50.0634169N;14.5942781E
10060;ZÁBĚHLICKÁ;V KORYTECH;680;16 900;400;50.0541803N;14.4894964E
10061;K DÁLNICI;HRAN. MĚSTA;681;11 100;300;50.0138708N;14.5768800E
10062;PRŮMYSLOVÁ;PLUKOV.MRÁZE;682;29 500;1 800;50.0540894N;14.5364967E
10063;HORNOMĚCHOL.;K MĚCHOLUPŮM;683;23 500;1 200;50.0487458N;14.5632750E
10064;JIŽNÍ SPOJKA;PRŮBĚŽNÁ;684;125 500;19 200;50.0614864N;14.5039875E
10065;JIŽNÍ SPOJKA;V KORYTECH;685;136 400;19 700;50.0610456N;14.4947608E
10066;NA PADESÁTÉM;VYŽLOVSKÁ;686;17 100;400;50.0676433N;14.5075067E
10067;PRŮMYSLOVÁ;SPALOVNA;687;50 000;5 100;50.0800303N;14.5381556E
10068;PRŮMYSLOVÁ;TEPLÁRENSKÁ;688;50 200;5 100;50.0828014N;14.5381128E
10069;ČERNOKOSTEL.;SAZEČSKÁ;689;26 100;1 400;50.0775347N;14.5188236E
10070;ŠTYCHOVA;KE ŠTÍTU;690;7 700;200;50.0269889N;14.5590519E
10071;ŽAMPIÓNOVÁ;K DÁLNICI;691;21 400;700;50.0169800N;14.5837283E
10072;NOVOPETROV.;ŠTYCHOVA;692;25 700;1 100;50.0312689N;14.5511986E
10073;STARODUBEČ.;MĚSTSKÁ;693;7 200;100;50.0623733N;14.5903381E
10074;KUTNOHORSKÁ;K DUBEČKU;694;9 100;1 100;50.0550264N;14.5635614E
10076;PŘÁTELSTVÍ;BEČOVSKÁ;695;19 800;2 000;50.0364050N;14.5920567E
10077;PŘÁTELSTVÍ;V KUŤATECH;696;18 800;1 700;50.0308917N;14.6073344E
10082;PRŮMYSLOVÁ;JIŽNÍ SPOJKA;697;146 600;24 000;50.0723769N;14.5375111E
10083;ŠTĚRB.SPOJKA;NÁROD.HRDINŮ;698;85 300;16 300;50.0776789N;14.5670797E
10087;PŘÁTELSTVÍ;K ŘÍČANŮM;699;12 600;1 600;50.0183192N;14.6329550E
10088;ÚSTŘEDNÍ;NÁKUPNÍ;700;16 800;700;50.0703550N;14.5453344E
10089;ČERNOKOSTEL.;RAMPA Š.SPOJ;701;33 000;2 800;50.0714292N;14.5394550E
10131;PŘÁTELSTVÍ;NOVÉ NÁMĚSTÍ;702;27 500;2 200;50.0312386N;14.5992792E
10170;ŽAMPIÓNOVÁ;V PITKOVIČ.;703;8 000;200;50.0210317N;14.5792375E